traj_id,t,x
1,0.0,25.0
1,0.02004008016032064,32.39086521906727
1,0.04008016032064128,39.091463466466564
1,0.06012024048096192,45.014189683609324
1,0.08016032064128256,50.085780299327226
1,0.1002004008016032,54.24810213118409
1,0.12024048096192384,57.45868508794337
1,0.1402805611222445,59.690996715136045
1,0.16032064128256512,60.934460710928505
1,0.18036072144288576,61.19422548989044
1,0.2004008016032064,60.49069262939034
1,0.22044088176352705,58.858818543264434
1,0.24048096192384769,56.34720594137686
1,0.2605210420841683,53.017004508822225
1,0.280561122244489,48.94064273828714
1,0.3006012024048096,44.200414943732305
1,0.32064128256513025,38.88694915040442
1,0.3406813627254509,33.09758277981408
1,0.3607214428857715,26.934673820610303
1,0.3807615230460922,20.503875496393405
1,0.4008016032064128,13.91240231567602
1,0.42084168336673344,7.267314830483208
1,0.4408817635270541,0.6738494579801543
1,0.4609218436873747,-5.766181640491607
1,0.48096192384769537,-11.9558973455881
1,0.501002004008016,-17.80473979223292
1,0.5210420841683366,-23.229733088543956
1,0.5410821643286573,-28.15659217979078
1,0.561122244488978,-32.52066824579215
1,0.5811623246492986,-36.267719914640786
1,0.6012024048096192,-39.35450256571252
1,0.6212424849699398,-41.749171031447524
1,0.6412825651302605,-43.43149404174966
1,0.6613226452905812,-44.39288173964338
1,0.6813627254509018,-44.63623048661807
1,0.7014028056112224,-44.175591928055866
1,0.721442885771543,-43.03567586367729
1,0.7414829659318637,-41.251198829207084
1,0.7615230460921844,-38.86609241184256
1,0.781563126252505,-35.93258716659706
1,0.8016032064128256,-32.51018955111277
1,0.8216432865731462,-28.6645705361561
1,0.8416833667334669,-24.466385466075305
1,0.8617234468937875,-19.990045331694386
1,0.8817635270541082,-15.312459876422928
1,0.9018036072144289,-10.511772888941799
1,0.9218436873747494,-5.66610965183571
1,0.9418837675350701,-0.852355828859752
1,0.9619238476953907,3.8550138975825035
1,0.9819639278557114,8.38504036045658
1,1.002004008016032,12.671302004965707
1,1.0220440881763526,16.652840616786243
1,1.0420841683366733,20.274978603470398
1,1.062124248496994,23.49001774686819
1,1.0821643286573146,26.25781144847852
1,1.1022044088176353,28.54620466611795
1,1.122244488977956,30.331337953362816
1,1.1422845691382766,31.597814227362008
1,1.1623246492985972,32.338729071187664
1,1.1823647294589177,32.555567490626125
1,1.2024048096192383,32.25797206082742
1,1.222444889779559,31.463389286451534
1,1.2424849699398797,30.196602733518482
1,1.2625250501002003,28.489163048784462
1,1.282565130260521,26.378726343174073
1,1.3026052104208417,23.90831356321921
1,1.3226452905811623,21.125504395952536
1,1.342685370741483,18.08157993948554
1,1.3627254509018036,14.83062881866975
1,1.3827655310621243,11.428631631756378
1,1.4028056112224447,7.9325385825973465
1,1.4228456913827654,4.399354890067043
1,1.442885771543086,0.8852480819057894
1,1.4629258517034067,-2.555309412829192
1,1.4829659318637274,-5.870349844043841
1,1.503006012024048,-9.011160424358343
1,1.5230460921843687,-11.93296405945915
1,1.5430861723446894,-14.595521610800407
1,1.56312625250501,-16.963648225012445
1,1.5831663326653307,-19.007637793697835
1,1.6032064128256511,-20.703591191401607
1,1.6232464929859718,-22.033645552310112
1,1.6432865731462925,-22.986103461723598
1,1.6633266533066131,-23.555462531240273
1,1.6833667334669338,-23.74234737253548
1,1.7034068136272544,-23.553347460615
1,1.723446893787575,-23.000765762127788
1,1.7434869739478958,-22.102284278358393
1,1.7635270541082164,-20.880553798715397
1,1.783567134268537,-19.36271616414474
1,1.8036072144288577,-17.579868188782417
1,1.8236472945891782,-15.566477072889729
1,1.8436873747494988,-13.359757654066335
1,1.8637274549098195,-10.99902218312085
1,1.8837675350701402,-8.525013474827345
1,1.9038076152304608,-5.979232273919546
1,1.9238476953907815,-3.403269497538449
1,1.9438877755511021,-0.8381536739714843
1,1.9639278557114228,1.676276596729521
1,1.9839679358717435,4.101965970258703
1,2.004008016032064,6.403193047182327
1,2.024048096192385,8.547070873423534
1,2.0440881763527052,10.503990674364507
1,2.064128256513026,12.248003296010129
1,2.0841683366733466,13.757133938110483
1,2.1042084168336674,15.013626916991075
1,2.124248496993988,16.004118371026813
1,2.1442885771543083,16.71973600029396
1,2.164328657314629,17.15612609542479
1,2.1843687374749496,17.31340924125992
1,2.2044088176352705,17.1960671616814
1,2.224448897795591,16.812764187355953
1,2.244488977955912,16.176107763772965
1,2.2645290581162323,15.302353260278302
1,2.284569138276553,14.2110590808918
1,2.3046092184368736,12.924698705550966
1,2.3246492985971945,11.46823679901559
1,2.344689378757515,9.868676909017168
1,2.3647294589178354,8.154588532416387
1,2.3847695390781563,6.355621457289287
1,2.4048096192384767,4.502015291157158
1,2.4248496993987976,2.6241119641285318
1,2.444889779559118,0.7518787555103692
1,2.464929859719439,-1.0855509598241229
1,2.4849699398797593,-2.8603125050515525
1,2.50501002004008,-4.546214044820272
1,2.5250501002004007,-6.11910452148881
1,2.5450901803607215,-7.5572005315262025
1,2.565130260521042,-8.841368052111912
1,2.5851703406813624,-9.955355735652045
1,2.6052104208416833,-10.88597732884127
1,2.6252505010020037,-11.623241629156244
1,2.6452905811623246,-12.160429251444828
1,2.665330661322645,-12.494116327043749
1,2.685370741482966,-12.624146084580644
1,2.7054108216432864,-12.553550052937776
1,2.7254509018036073,-12.288421371283174
1,2.7454909819639277,-11.83774337813628
1,2.7655310621242486,-11.21317727181313
1,2.785571142284569,-10.42881318024878
1,2.8056112224448895,-9.500889442447795
1,2.8256513026052104,-8.447485281434304
1,2.845691382765531,-7.2881923358085565
1,2.8657314629258517,-6.043770711626027
1,2.885771543086172,-4.735795317557574
1,2.905811623246493,-3.386298254902525
1,2.9258517034068134,-2.017412952183543
1,2.9458917835671343,-0.6510255652757561
1,2.9659318637274548,0.6915610868784721
1,2.9859719438877756,1.9899461079858267
1,3.006012024048096,3.224927084786613
1,3.0260521042084165,4.378770532807556
1,3.0460921843687374,5.435452648207271
1,3.066132264529058,6.380867339748119
1,3.0861723446893787,7.202999101789596
1,3.106212424849699,7.892058899604339
1,3.12625250501002,8.440581862137646
1,3.1462925851703405,8.843486204476166
1,3.1663326653306614,9.098093422874939
1,3.186372745490982,9.204110409671134
1,3.2064128256513023,9.163574714738475
1,3.226452905811623,8.98076472587448
1,3.2464929859719436,8.662077044966049
1,3.2665330661322645,8.21587379308606
1,3.286573146292585,7.652302979897561
1,3.306613226452906,6.983095415937682
1,3.3266533066132262,6.221341926623983
1,3.346693386773547,5.3812548413515255
1,3.3667334669338675,4.477917878113402
1,3.3867735470941884,3.5270286230555357
1,3.406813627254509,2.5446378157297045
1,3.4268537074148293,1.546889596038267
1,3.44689378757515,0.5497667504739656
1,3.4669338677354706,-0.43115518332183317
1,3.4869739478957915,-1.3809413291367263
1,3.507014028056112,-2.285515062675533
1,3.527054108216433,-3.1318567711720506
1,3.5470941883767533,-3.908181142601788
1,3.567134268537074,-4.604090746328253
1,3.5871743486973946,-5.210704093383912
1,3.6072144288577155,-5.7207568086829514
1,3.627254509018036,-6.128675001898978
1,3.6472945891783564,-6.4306203811574445
1,3.6673346693386772,-6.624507106859284
1,3.6873747494989977,-6.7099908248935725
1,3.7074148296593186,-6.688430742577802
1,3.727454909819639,-6.562826010700455
1,3.74749498997996,-6.33772804537401
1,3.7675350701402803,-6.0191307589853045
1,3.787575150300601,-5.614340965971585
1,3.8076152304609217,-5.131831482793216
1,3.8276553106212425,-4.581079649415095
1,3.847695390781563,-3.9723941597351153
1,3.8677354709418834,-3.316733199393105
1,3.8877755511022043,-2.6255169507453737
1,3.9078156312625247,-1.910437536772676
1,3.9278557114228456,-1.1832694393433498
1,3.947895791583166,-0.4556833443501134
1,3.967935871743487,0.2609337607697051
1,3.9879759519038074,0.9556495796495819
1,4.008016032064128,1.618146137667805
1,4.028056112224449,2.2388658372383525
1,4.04809619238477,2.8091419915887146
1,4.06813627254509,3.32131218198738
1,4.0881763527054105,3.7688130931167576
1,4.108216432865731,4.146255804351356
1,4.128256513026052,4.449480845717079
1,4.148296593186372,4.67559266089717
1,4.168336673346693,4.822973450537876
1,4.188376753507014,4.891276692182995
1,4.208416833667335,4.881400943575298
1,4.228456913827655,4.795444829264396
1,4.248496993987976,4.636644382299979
1,4.268537074148297,4.40929415954588
1,4.288577154308617,4.118653767590302
1,4.3086172344689375,3.7708416236390723
1,4.328657314629258,3.3727179300039287
1,4.348697394789579,2.9317589602488123
1,4.368737474949899,2.4559248387335013
1,4.38877755511022,1.95352304277392
1,4.408817635270541,1.4330698680831928
1,4.428857715430862,0.9031520742803743
1,4.448897795591182,0.3722908693109324
1,4.468937875751503,-0.15118969863709927
1,4.488977955911824,-0.6592879934949579
1,4.509018036072144,-1.1444418875562954
1,4.529058116232465,-1.5996360735071493
1,4.5490981963927855,-2.0184981576236347
1,4.569138276553106,-2.3953823106143393
1,4.589178356713426,-2.7254394775608795
1,4.609218436873747,-3.00467338340584
1,4.629258517034068,-3.2299818115274146
1,4.649298597194389,-3.3991828762047156
1,4.669338677354709,-3.511026251356893
1,4.68937875751503,-3.565189554100171
1,4.709418837675351,-3.562260308849365
1,4.729458917835671,-3.5037041325672194
1,4.749498997995992,-3.3918199812809515
1,4.7695390781563125,-3.2296834794038753
1,4.789579158316633,-3.0210795143338753
1,4.809619238476953,-2.7704254172429343
1,4.829659318637274,-2.482686165317562
1,4.849699398797595,-2.163283129770437
1,4.869739478957916,-1.8179979569542086
1,4.889779559118236,-1.4528732065331325
1,4.909819639278557,-1.0741113809892486
1,4.929859719438878,-0.6879739652512092
1,4.949899799599198,-0.30068205481773563
1,4.969939879759519,0.08167991334135877
1,4.98997995991984,0.45325589899742275
1,5.01002004008016,0.808504144240045
1,5.03006012024048,1.1422760090524053
1,5.050100200400801,1.4498866995299036
1,5.070140280561122,1.7271769844491665
1,5.090180360721443,1.9705651592902371
1,5.110220440881763,2.177088687731053
1,5.130260521042084,2.3444351262120082
1,5.150300601202405,2.4709621145474934
1,5.170340681362725,2.5557063919222807
1,5.190380761523046,2.5983819702220186
1,5.210420841683367,2.5993677629021956
1,5.2304609218436875,2.5596851250582597
1,5.2505010020040075,2.480965906776928
1,5.270541082164328,2.365411755210895
1,5.290581162324649,2.2157455193654187
1,5.31062124248497,2.0351557138302137
1,5.33066132264529,1.8272350824407377
1,5.350701402805611,1.5959143692190314
1,5.370741482965932,1.3453924513454507
1,5.390781563126252,1.080064017078775
1,5.410821643286573,0.8044459805122148
1,5.430861723446894,0.5231038151632472
1,5.4509018036072145,0.2405789602691763
1,5.4709418837675345,-0.03868159180742916
1,5.490981963927855,-0.31039248032777
1,5.511022044088176,-0.5704929628469697
1,5.531062124248497,-0.8152048233410311
1,5.551102204408817,-1.0410844226315892
1,5.571142284569138,-1.2450682229170267
1,5.591182364729459,-1.424511236874973
1,5.611222444889779,-1.5772179760997167
1,5.6312625250501,-1.7014656014936806
1,5.651302605210421,-1.7960191075585559
1,5.671342685370742,-1.860138501269756
1,5.691382765531062,-1.8935780623684912
1,5.7114228456913825,-1.8965778935623305
1,5.731462925851703,-1.869848084495425
1,5.751503006012024,-1.814545920787532
1,5.771543086172344,-1.7322466674628136
1,5.791583166332665,-1.6249085433972705
1,5.811623246492986,-1.4948325789087054
1,5.831663326653306,-1.3446181114083207
1,5.851703406813627,-1.1771147234629713
1,5.871743486973948,-0.995371463240803
1,5.891783567134269,-0.8025842089165961
1,5.911823647294589,-0.6020420462085253
1,5.9318637274549095,-0.39707352203312907
1,5.95190380761523,-0.19099361774155832
1,5.971943887775551,0.012947746827596876
1,5.991983967935871,0.21161491135347768
1,6.012024048096192,0.40203266297917306
1,6.032064128256513,0.581428766856637
1,6.052104208416833,0.7472722652342972
1,6.072144288577154,0.8973070514704076
1,6.092184368737475,1.0295803115125084
1,6.112224448897796,1.142465515769108
1,6.132264529058116,1.2346797373953597
1,6.152304609218437,1.3052951672971056
1,6.1723446893787575,1.3537447901235953
1,6.192384769539078,1.37982227770708
1,6.212424849699398,1.3836762454197395
1,6.232464929859719,1.365799101442688
1,6.25250501002004,1.3270107977677779
1,6.27254509018036,1.2684378637898466
1,6.292585170340681,1.1914881676374307
1,6.312625250501002,1.0978219061211516
1,6.332665330661323,0.9893193706923697
1,6.352705410821643,0.8680460736024028
1,6.372745490981964,0.736215845200589
1,6.3927855711422845,0.5961525298398581
1,6.4128256513026045,0.45025091416621593
1,6.432865731462925,0.3009375178100489
1,6.452905811623246,0.15063186298101577
1,6.472945891783567,0.0017088166482283815
1,6.492985971943887,-0.14353743254719611
1,6.513026052104208,-0.2829272400412988
1,6.533066132264529,-0.4144267378805405
1,6.55310621242485,-0.5361760111696177
1,6.57314629258517,-0.6465138538653209
1,6.593186372745491,-0.7439988019001008
1,6.613226452905812,-0.8274262073374917
1,6.633266533066132,-0.8958411850409488
1,6.6533066132264524,-0.9485473320659431
1,6.673346693386773,-0.9851111885649231
1,6.693386773547094,-1.0053624763570201
1,6.713426853707414,-1.0093902164359296
1,6.733466933867735,-0.997534888608259
1,6.753507014028056,-0.9703768542817116
1,6.773547094188377,-0.9287213163557444
1,6.793587174348697,-0.8735801375006309
1,6.813627254509018,-0.806150879243362
1,6.833667334669339,-0.7277934587217189
1,6.853707414829659,-0.64000484734864
1,6.8737474949899795,-0.5443922556956262
1,6.8937875751503,-0.4426452615241149
1,6.913827655310621,-0.3365073430555864
1,6.933867735470941,-0.22774727737925665
1,6.953907815631262,-0.11813085456793156
1,6.973947895791583,-0.00939334193112038
1,6.993987975951904,0.09678688969855152
1,7.014028056112224,0.19881319416231807
1,7.034068136272545,0.2951935828750252
1,7.054108216432866,0.3845614509804705
1,7.074148296593186,0.465693827565474
1,7.0941883767535066,0.5375269261441306
1,7.114228456913827,0.5991688194023856
1,7.134268537074148,0.6499091115354598
1,7.154308617234468,0.6892255316064896
1,7.174348697394789,0.7167874214022334
1,7.19438877755511,0.7324561404791115
1,7.214428857715431,0.736282458731637
1,7.234468937875751,0.7285010521694761
1,7.254509018036072,0.709522260006921
1,7.274549098196393,0.6799213000590505
1,7.294589178356713,0.6404251742819743
1,7.314629258517034,0.5918975266461577
1,7.3346693386773545,0.535321741029035
1,7.354709418837675,0.471782587177906
1,7.374749498997995,0.4024467378358196
1,7.394789579158316,0.32854248973880196
1,7.414829659318637,0.2513390253671974
1,7.434869739478958,0.172125551136732
1,7.454909819639278,0.09219064129897403
1,7.474949899799599,0.012802105415854812
1,7.49498997995992,-0.06481231881862161
1,7.51503006012024,-0.13948316604624983
1,7.535070140280561,-0.21011607994053857
1,7.5551102204408815,-0.27570705678593116
1,7.575150300601202,-0.33535589720930087
1,7.595190380761522,-0.38827770029219416
1,7.615230460921843,-0.43381226902439596
1,7.635270541082164,-0.4714313319765117
1,7.655310621242485,-0.5007435225807083
1,7.675350701402805,-0.5214970939283914
1,7.695390781563126,-0.5335803829507597
1,7.715430861723447,-0.5370200726940474
1,7.735470941883767,-0.5319773346191176
1,7.755511022044088,-0.5187419639656398
1,7.775551102204409,-0.4977246497905507
1,7.7955911823647295,-0.46944754693521445
1,7.8156312625250495,-0.4345333395674967
1,7.83567134268537,-0.3936930048145415
1,7.855711422845691,-0.34771250014207283
1,7.875751503006012,-0.29743860940230876
1,7.895791583166332,-0.24376418978562922
1,7.915831663326653,-0.18761306525444274
1,7.935871743486974,-0.12992481145828405
1,7.955911823647294,-0.07163967273302996
1,7.975951903807615,-0.013683843738472678
1,7.995991983967936,0.043044663196332954
1,8.016032064128256,0.09768935860649373
1,8.036072144288577,0.14944763540882422
1,8.056112224448897,0.19758197854566278
1,8.076152304609218,0.24142987807599128
1,8.09619238476954,0.2804123229554391
1,8.11623246492986,0.3140407779922074
1,8.13627254509018,0.3419225726080229
1,8.1563126252505,0.36376465664135055
1,8.176352705410821,0.37937570507625895
1,8.196392785571142,0.3886665798472945
1,8.216432865731463,0.39164918235682145
1,8.236472945891784,0.38843375466779234
1,8.256513026052104,0.3792247101500642
1,8.276553106212425,0.36431509534311873
1,8.296593186372744,0.3440798036697348
1,8.316633266533065,0.31896767815129673
1,8.336673346693386,0.28949265423635584
1,8.356713426853707,0.25622410510492366
1,8.376753507014028,0.21977656024344575
1,8.396793587174349,0.1807989736375229
1,8.41683366733467,0.1399637205861521
1,8.436873747494989,0.09795550193295688
1,8.45691382765531,0.055460331511141193
1,8.47695390781563,0.01315477692590677
1,8.496993987975952,-0.02830438439389934
1,8.517034068136272,-0.06828994246326214
1,8.537074148296593,-0.10621332654214333
1,8.557114228456914,-0.14153284716687287
1,8.577154308617233,-0.17376100017401916
1,8.597194388777554,-0.20247074183746253
1,8.617234468937875,-0.22730066258712567
1,8.637274549098196,-0.24795900580356123
1,8.657314629258517,-0.26422649757158095
1,8.677354709418838,-0.2759579727165355
1,8.697394789579159,-0.2830828016332748
1,8.71743486973948,-0.28560414105651266
1,8.737474949899799,-0.2835970497346204
1,8.75751503006012,-0.2772055266986394
1,8.77755511022044,-0.2666385452299858
1,8.797595190380761,-0.2521651695156554
1,8.817635270541082,-0.2341088531596211
1,8.837675350701403,-0.2128410290454682
1,8.857715430861724,-0.1887741084028309
1,8.877755511022043,-0.1623540132370623
1,8.897795591182364,-0.13405237049026716
1,8.917835671342685,-0.10435849839872877
1,8.937875751503006,-0.07377131551640007
1,8.957915831663327,-0.042791300838829795
1,8.977955911823647,-0.011912629468829171
1,8.997995991983968,0.018384397574262898
1,9.018036072144287,0.04764051834859591
1,9.038076152304608,0.07542416783138664
1,9.05811623246493,0.10133753711774446
1,9.07815631262525,0.1250219541221008
1,9.098196392785571,0.14616251852246132
1,9.118236472945892,0.16449193702115406
1,9.138276553106213,0.1797935188406702
1,9.158316633266534,0.19190330550063037
1,9.178356713426853,0.2007113231037806
1,9.198396793587174,0.20616195937221032
1,9.218436873747494,0.20825348130469293
1,9.238476953907815,0.2070367223687198
1,9.258517034068136,0.20261298040693354
1,9.278557114228457,0.19513117875494107
1,9.298597194388778,0.18478435328242837
1,9.318637274549097,0.17180553704985962
1,9.338677354709418,0.15646312190906841
1,9.358717434869739,0.13905578258183973
1,9.37875751503006,0.11990705346453696
1,9.39879759519038,0.09935965159253556
1,9.418837675350701,0.07776964084368711
1,9.438877755511022,0.05550053257794619
1,9.458917835671341,0.032917416536781374
1,9.478957915831662,0.010381213019529859
1,9.498997995991983,-0.011756866805855234
1,9.519038076152304,-0.03316057101469186
1,9.539078156312625,-0.05351349257034118
1,9.559118236472946,-0.07252352317334237
1,9.579158316633267,-0.08992681641236511
1,9.599198396793588,-0.10549121045184874
1,9.619238476953907,-0.11901907017952115
1,9.639278557114228,-0.13034951881100476
1,9.659318637274549,-0.13936003924135604
1,9.67935871743487,-0.14596743577823573
1,9.69939879759519,-0.15012815712541042
1,9.719438877755511,-0.1518379914512551
1,9.739478957915832,-0.15113115392558094
1,9.759519038076151,-0.14807879610063507
1,9.779559118236472,-0.1427869748216632
1,9.799599198396793,-0.13539412586608682
1,9.819639278557114,-0.12606809413039477
1,9.839679358717435,-0.1150027778290461
1,9.859719438877756,-0.10241444877594726
1,9.879759519038076,-0.08853781434026688
1,9.899799599198396,-0.07362188907635477
1,9.919839679358716,-0.05792574531242711
1,9.939879759519037,-0.041714212152294664
1,9.959919839679358,-0.02525359142374288
1,9.97995991983968,-0.008807457137909057
1,10.0,0.0073673979371802565
2,0.0,12.0
2,0.02004008016032064,11.140004836745712
2,0.04008016032064128,10.127210622828658
2,0.06012024048096192,8.981253394185075
2,0.08016032064128256,7.723363012073749
2,0.1002004008016032,6.375991575027952
2,0.12024048096192384,4.962431960707082
2,0.1402805611222445,3.506432707613185
2,0.16032064128256512,2.031815349434265
2,0.18036072144288576,0.5621001244106236
2,0.2004008016032064,-0.8798542961140785
2,0.22044088176352705,-2.2721917753631766
2,0.24048096192384769,-3.594375523680965
2,0.2605210420841683,-4.827476402970035
2,0.280561122244489,-5.95442892402016
2,0.3006012024048096,-6.960251737369111
2,0.32064128256513025,-7.832230053081523
2,0.3406813627254509,-8.560058083892736
2,0.3607214428857715,-9.135940278630908
2,0.3807615230460922,-9.554650787854252
2,0.4008016032064128,-9.813551270602886
2,0.42084168336673344,-9.912567799838085
2,0.4408817635270541,-9.854128244838074
2,0.4609218436873747,-9.643062092529089
2,0.48096192384769537,-9.286465208246417
2,0.501002004008016,-8.793532522445885
2,0.5210420841683366,-8.17536205712794
2,0.5410821643286573,-7.444734068975145
2,0.561122244488978,-6.6158693813520175
2,0.5811623246492986,-5.704171201451788
2,0.6012024048096192,-4.725954870259382
2,0.6212424849699398,-3.6981700710757126
2,0.6412825651302605,-2.6381200277177954
2,0.6613226452905812,-1.5631821578959408
2,0.6813627254509018,-0.4905345134652047
2,0.7014028056112224,0.5631078589594049
2,0.721442885771543,1.5817427614442705
2,0.7414829659318637,2.5503133287503292
2,0.7615230460921844,3.4549199494857286
2,0.781563126252505,4.283008822153224
2,0.8016032064128256,5.023534778874199
2,0.8216432865731462,5.667096470793321
2,0.8416833667334669,6.206042488722343
2,0.8617234468937875,6.634547482514027
2,0.8817635270541082,6.948657835049151
2,0.9018036072144289,7.146306933810471
2,0.9218436873747494,7.227300557323396
2,0.9418837675350701,7.193273348165248
2,0.9619238476953907,7.047617772172762
2,0.9819639278557114,6.795387358878439
2,1.002004008016032,6.443176375707149
2,1.0220440881763526,5.998978403417241
2,1.0420841683366733,5.472026548809289
2,1.062124248496994,4.872618249805357
2,1.0821643286573146,4.2119277954272185
2,1.1022044088176353,3.501809797639602
2,1.122244488977956,2.754596913002857
2,1.1422845691382766,1.982895119974486
2,1.1623246492985972,1.199379813707131
2,1.1823647294589177,0.416595886290547
2,1.2024048096192383,-0.35323518071436705
2,1.222444889779559,-1.0983983695196513
2,1.2424849699398797,-1.8078557079591864
2,1.2625250501002003,-2.4714020228582285
2,1.282565130260521,-3.079803798316276
2,1.3026052104208417,-3.624919387862556
2,1.3226452905811623,-4.099799164541732
2,1.342685370741483,-4.498764541892171
2,1.3627254509018036,-4.81746515569106
2,1.3827655310621243,-5.052913855480814
2,1.4028056112224447,-5.2034995105873
2,1.4228456913827654,-5.268977982118011
2,1.442885771543086,-5.250441945085357
2,1.4629258517034067,-5.150270558487758
2,1.4829659318637274,-4.9720602714653
2,1.503006012024048,-4.720538316570701
2,1.5230460921843687,-4.401460673329788
2,1.5430861723446894,-4.02149648374408
2,1.56312625250501,-3.5881010639457775
2,1.5831663326653307,-3.1093797812029464
2,1.6032064128256511,-2.593945151871232
2,1.6232464929859718,-2.050769563305348
2,1.6432865731462925,-1.4890360314083104
2,1.6633266533066131,-0.9179893762359029
2,1.6833667334669338,-0.34679013228961564
2,1.7034068136272544,0.2156265902400057
2,1.723446893787575,0.7606852095465019
2,1.7434869739478958,1.2802948196788126
2,1.7635270541082164,1.7669636473336716
2,1.783567134268537,2.2139012941768965
2,1.8036072144288577,2.615107469782037
2,1.8236472945891782,2.9654461637116776
2,1.8436873747494988,3.2607044590899315
2,1.8637274549098195,3.4976354499979614
2,1.8837675350701402,3.6739849869496215
2,1.9038076152304608,3.7885022344266304
2,1.9238476953907815,3.84093427796733
2,1.9438877755511021,3.832005261799164
2,1.9639278557114228,3.7633807679250584
2,1.9839679358717435,3.6376183606603623
2,2.004008016032064,3.4581054139564076
2,2.024048096192385,3.2289855099075275
2,2.0440881763527052,2.9550748434995064
2,2.064128256513026,2.6417701892325796
2,2.0841683366733466,2.2949500785049373
2,2.1042084168336674,1.9208709017939336
2,2.124248496993988,1.5260596864029639
2,2.1442885771543083,1.1172053089834897
2,2.164328657314629,0.7010498827668059
2,2.1843687374749496,0.2842820134383375
2,2.2044088176352705,-0.1265664537568373
2,2.224448897795591,-0.5252186680290781
2,2.244488977955912,-0.905744576998232
2,2.2645290581162323,-1.2626450250396826
2,2.284569138276553,-1.590927022682593
2,2.3046092184368736,-1.8861692297059143
2,2.3246492985971945,-2.1445768714060276
2,2.344689378757515,-2.3630254921435156
2,2.3647294589178354,-2.5390931396373366
2,2.3847695390781563,-2.671080764481963
2,2.4048096192384767,-2.758020808990691
2,2.4248496993987976,-2.79967414478492
2,2.444889779559118,-2.7965156967645135
2,2.464929859719439,-2.749709259598513
2,2.4849699398797593,-2.661072169274982
2,2.50501002004008,-2.5330306343994407
2,2.5250501002004007,-2.368566657964691
2,2.5450901803607215,-2.1711575886609937
2,2.565130260521042,-1.9447094302004793
2,2.5851703406813624,-1.6934851066660959
2,2.6052104208416833,-1.4220289309705907
2,2.6252505010020037,-1.135088551866104
2,2.6452905811623246,-0.8375356626519319
2,2.665330661322645,-0.5342867421802783
2,2.685370741482966,-0.23022506665642192
2,2.7054108216432864,0.06987481994002707
2,2.7254509018036073,0.36141905696920523
2,2.7454909819639277,0.6400618037386704
2,2.7655310621242486,0.9017670234809878
2,2.785571142284569,1.1428638867285459
2,2.8056112224448895,1.3600950864713028
2,2.8256513026052104,1.550657485912215
2,2.845691382765531,1.7122346539270372
2,2.8657314629258517,1.843020981243375
2,2.885771543086172,1.9417372096327703
2,2.905811623246493,2.0076373448470597
2,2.9258517034068134,2.0405070594824437
2,2.9458917835671343,2.04065382237835
2,2.9659318637274548,2.008889114638521
2,2.9859719438877756,1.9465032071410713
2,3.006012024048096,1.8552330789041473
2,3.0260521042084165,1.7372241485157571
2,3.0460921843687374,1.5949865708589415
2,3.066132264529058,1.4313469176338436
2,3.0861723446893787,1.2493961120025519
2,3.106212424849699,1.0524345246096047
2,3.12625250501002,0.8439151600537194
2,3.1462925851703405,0.627385869639481
2,3.1663326653306614,0.4064315181899037
2,3.186372745490982,0.1846170103465588
2,3.2064128256513023,-0.03456795417195372
2,3.226452905811623,-0.24776157553889713
2,3.2464929859719436,-0.4517793384825613
2,3.2665330661322645,-0.6436593967841204
2,3.286573146292585,-0.8207033474533879
2,3.306613226452906,-0.9805118716869112
2,3.3266533066132262,-1.1210148129797384
2,3.346693386773547,-1.2404953604278441
2,3.3667334669338675,-1.337608105685109
2,3.3867735470941884,-1.4113908435889375
2,3.406813627254509,-1.4612700875255549
2,3.4268537074148293,-1.4870603696023246
2,3.44689378757515,-1.4889574911331185
2,3.4669338677354706,-1.467525979420292
2,3.4869739478957915,-1.4236810910416167
2,3.507014028056112,-1.358665778661272
2,3.527054108216433,-1.2740231067639993
2,3.5470941883767533,-1.171564660801333
2,3.567134268537074,-1.0533355433453773
2,3.5871743486973946,-0.9215765894495488
2,3.6072144288577155,-0.7786844611743555
2,3.627254509018036,-0.6271702979857045
2,3.6472945891783564,-0.4696176054846873
2,3.6673346693386772,-0.3086400598657435
2,3.6873747494989977,-0.14683988997156322
2,3.7074148296593186,0.013232526677909662
2,3.727454909819639,0.16911725231257851
2,3.74749498997996,0.31848100357406833
2,3.7675350701402803,0.4591504851892749
2,3.787575150300601,0.5891423930942294
2,3.8076152304609217,0.7066897007032215
2,3.8276553106212425,0.8102639097423829
2,3.847695390781563,0.8985930180877437
2,3.8677354709418834,0.9706750301736643
2,3.8877755511022043,1.0257869095721313
2,3.9078156312625247,1.0634889471067792
2,3.9278557114228456,1.0836245902109984
2,3.947895791583166,1.0863158490710323
2,3.967935871743487,1.0719544613834087
2,3.9879759519038074,1.0411890593528124
2,4.008016032064128,0.9949086390071153
2,4.028056112224449,0.93422268226105
2,4.04809619238477,0.8604383257831233
2,4.06813627254509,0.7750350070971818
2,4.0881763527054105,0.679637047091888
2,4.108216432865731,0.575984648958963
2,4.128256513026052,0.4659038064042291
2,4.148296593186372,0.3512756187739718
2,4.168336673346693,0.2340055076368759
2,4.188376753507014,0.11599281860414523
2,4.208416833667335,-0.0008987258843369167
2,4.228456913827655,-0.1148692819676157
2,4.248496993987976,-0.22420943828678927
2,4.268537074148297,-0.32732469553812493
2,4.288577154308617,-0.42275754047874387
2,4.3086172344689375,-0.5092068290568169
2,4.328657314629258,-0.5855442425085023
2,4.348697394789579,-0.6508276319043452
2,4.368737474949899,-0.7043111198687475
2,4.38877755511022,-0.7454518821660919
2,4.408817635270541,-0.7739135856832896
2,4.428857715430862,-0.7895665122032091
2,4.448897795591182,-0.7924844484535195
2,4.468937875751503,-0.7829384714768219
2,4.488977955911824,-0.7613878037036699
2,4.509018036072144,-0.7284679535918341
2,4.529058116232465,-0.684976394770006
2,4.5490981963927855,-0.6318560688220607
2,4.569138276553106,-0.5701770237867506
2,4.589178356713426,-0.5011165218369227
2,4.609218436873747,-0.4259379652455585
2,4.629258517034068,-0.3459689995415412
2,4.649298597194389,-0.26257915669799203
2,4.669338677354709,-0.17715739936488023
2,4.68937875751503,-0.09108991972682184
2,4.709418837675351,-0.005738533792763616
2,4.729458917835671,0.07758000586160058
2,4.749498997995992,0.15761347827171643
2,4.7695390781563125,0.23319216909335325
2,4.789579158316633,0.3032451085175286
2,4.809619238476953,0.36681436139310536
2,4.829659318637274,0.42306719455457775
2,4.849699398797595,0.47130598389679773
2,4.869739478957916,0.5109757624983563
2,4.889779559118236,0.5416693504345179
2,4.909819639278557,0.5631300462096935
2,4.929859719438878,0.5752518983652384
2,4.949899799599198,0.5780776131935244
2,4.969939879759519,0.571794190060259
2,4.98997995991984,0.5567264090928462
2,5.01002004008016,0.5333283264705607
2,5.03006012024048,0.502172959845108
2,5.050100200400801,0.4639403701801546
2,5.070140280561122,0.4194043662420335
2,5.090180360721443,0.3694180738840252
2,5.110220440881763,0.31489862399507823
2,5.130260521042084,0.25681122045101756
2,5.150300601202405,0.19615285260148876
2,5.170340681362725,0.13393591580537892
2,5.190380761523046,0.07117199841196653
2,5.210420841683367,0.008856084556598965
2,5.2304609218436875,-0.05204859056361976
2,5.2505010020040075,-0.11062481235629848
2,5.270541082164328,-0.16601458400131927
2,5.290581162324649,-0.21743106948886995
2,5.31062124248497,-0.2641691269742196
2,5.33066132264529,-0.3056143028058307
2,5.350701402805611,-0.34125018387646455
2,5.370741482965932,-0.3706640341616336
2,5.390781563126252,-0.39355066998205374
2,5.410821643286573,-0.4097145571967311
2,5.430861723446894,-0.41907014175301116
2,5.4509018036072145,-0.4216404523591421
2,5.4709418837675345,-0.417554040098056
2,5.490981963927855,-0.4070403441928379
2,5.511022044088176,-0.39042359552464284
2,5.531062124248497,-0.3681153895922473
2,5.551102204408817,-0.3406060781322217
2,5.571142284569138,-0.3084551433793309
2,5.591182364729459,-0.2722807307763647
2,5.611222444889779,-0.23274852472896632
2,5.6312625250501,-0.19056015768260678
2,5.651302605210421,-0.1464413453639591
2,5.671342685370742,-0.10112994051481798
2,5.691382765531062,-0.055364093938357
2,5.7114228456913825,-0.009870705303730768
2,5.731462925851703,0.0346456629126938
2,5.751503006012024,0.07751324652465538
2,5.771543086172344,0.11810276774325067
2,5.791583166332665,0.1558362180333814
2,5.811623246492986,0.19019462090231049
2,5.831663326653306,0.22072467860852876
2,5.851703406813627,0.2470442266178603
2,5.871743486973948,0.2688464401702198
2,5.891783567134269,0.28590275821619643
2,5.911823647294589,0.29806451090180613
2,5.9318637274549095,0.3052632573949989
2,5.95190380761523,0.30750986084367093
2,5.971943887775551,0.3048923463350843
2,5.991983967935871,0.2975726056149091
2,6.012024048096192,0.2857820287707032
2,6.032064128256513,0.26981615786812213
2,6.052104208416833,0.2500284704587334
2,6.072144288577154,0.22682341179991336
2,6.092184368737475,0.20064880341910277
2,6.112224448897796,0.1719877622321748
2,6.132264529058116,0.14135026874105966
2,6.152304609218437,0.10926452487786868
2,6.1723446893787575,0.07626824185616476
2,6.192384769539078,0.04289999599380371
2,6.212424849699398,0.009690785978035755
2,6.232464929859719,-0.022844081425499038
2,6.25250501002004,-0.054212658512127046
2,6.27254509018036,-0.08395346786197362
2,6.292585170340681,-0.11164196028145518
2,6.312625250501002,-0.13689623473183524
2,6.332665330661323,-0.15938194916099643
2,6.352705410821643,-0.1788163655734189
2,6.372745490981964,-0.1949714876196867
2,6.3927855711422845,-0.20767626421373483
2,6.4128256513026045,-0.2168178479485654
2,6.432865731462925,-0.22234191213962673
2,6.452905811623246,-0.2242520449492076
2,6.472945891783567,-0.22260825301713089
2,6.492985971943887,-0.21752462014046525
2,6.513026052104208,-0.2091661786241233
2,6.533066132264529,-0.19774506180196816
2,6.55310621242485,-0.18351601576422766
2,6.57314629258517,-0.16677135640587462
2,6.593186372745491,-0.1478354644420747
2,6.613226452905812,-0.12705891595721305
2,6.633266533066132,-0.10481234932646874
2,6.6533066132264524,-0.08148017096328689
2,6.673346693386773,-0.057454202318368966
2,6.693386773547094,-0.033127368927158354
2,6.713426853707414,-0.00888752913871292
2,6.733466933867735,0.014888464453293762
2,6.753507014028056,0.03784038380846744
2,6.773547094188377,0.05962984456283934
2,6.793587174348697,0.0799450538100033
2,6.813627254509018,0.09850502402522811
2,6.833667334669339,0.11506320051959326
2,6.853707414829659,0.12941046028973618
2,6.8737474949899795,0.14137745100550195
2,6.8937875751503,0.15083624997278394
2,6.913827655310621,0.15770133404319772
2,6.933867735470941,0.1619298624408314
2,6.953907815631262,0.16352128517059886
2,6.973947895791583,0.16251629990303382
2,6.993987975951904,0.15899518984827524
2,7.014028056112224,0.1530755840023389
2,7.034068136272545,0.1449096891514644
2,7.054108216432866,0.1346810500518039
2,7.074148296593186,0.12260090017616979
2,7.0941883767535066,0.10890417026990575
2,7.114228456913827,0.09384522563623213
2,7.134268537074148,0.0776934055493342
2,7.154308617234468,0.06072843946209667
2,7.174348697394789,0.04323581474495924
2,7.19438877755511,0.025502169591656427
2,7.214428857715431,0.007810782502838125
2,7.234468937875751,-0.00956277352739352
2,7.254509018036072,-0.02635474826650732
2,7.274549098196393,-0.042317044246340065
2,7.294589178356713,-0.05722070677102957
2,7.314629258517034,-0.07085902781527612
2,7.3346693386773545,-0.0830502248821463
2,7.354709418837675,-0.093639663503801
2,7.374749498997995,-0.10250159998292638
2,7.394789579158316,-0.10954042905620767
2,7.414829659318637,-0.11469142928319873
2,7.434869739478958,-0.11792100699653488
2,7.454909819639278,-0.11922644746916482
2,7.474949899799599,-0.11863518944422125
2,7.49498997995992,-0.11620364622437246
2,7.51503006012024,-0.11201560303064792
2,7.535070140280561,-0.10618022622736732
2,7.5551102204408815,-0.09882972519345949
2,7.575150300601202,-0.0901167120375443
2,7.595190380761522,-0.08021130795470256
2,7.615230460921843,-0.06929804777083699
2,7.635270541082164,-0.05757263609422318
2,7.655310621242485,-0.04523860948562927
2,7.675350701402805,-0.03250395917478147
2,7.695390781563126,-0.019577768111780646
2,7.715430861723447,-0.0066669145803237425
2,7.735470941883767,0.00602710774003172
2,7.755511022044088,0.018311206436732508
2,7.775551102204409,0.030003500643870515
2,7.7955911823647295,0.04093588612933749
2,7.8156312625250495,0.050956321179189704
2,7.83567134268537,0.059930804480364044
2,7.855711422845691,0.06774502173499704
2,7.875751503006012,0.07430564349797245
2,7.895791583166332,0.07954126261820361
2,7.915831663326653,0.08340296558833289
2,7.935871743486974,0.08586453797337365
2,7.955911823647294,0.0869223098061719
2,7.975951903807615,0.08659465232063292
2,7.995991983967936,0.08492114256259425
2,8.016032064128256,0.08196141719999224
2,8.036072144288577,0.07779374118342945
2,8.056112224448897,0.07251332072896784
2,8.076152304609218,0.06623039335983767
2,8.09619238476954,0.059068130415569305
2,8.11623246492986,0.05116038948875442
2,8.13627254509018,0.04264935566461283
2,8.1563126252505,0.03368311121044285
2,8.176352705410821,0.02441317349484888
2,8.196392785571142,0.01499204042409492
2,8.216432865731463,0.005570781588404531
2,8.236472945891784,-0.0037032883535206024
2,8.256513026052104,-0.012688819717780336
2,8.276553106212425,-0.021252489608932765
2,8.296593186372744,-0.029270886951631863
2,8.316633266533065,-0.03663219566207476
2,8.336673346693386,-0.04323765466104139
2,8.356713426853707,-0.04900277744931805
2,8.376753507014028,-0.05385831815547592
2,8.396793587174349,-0.057750975255705064
2,8.41683366733467,-0.060643828486028964
2,8.436873747494989,-0.06251650875045475
2,8.45691382765531,-0.06336510500839317
2,8.47695390781563,-0.06320181613823829
2,8.496993987975952,-0.062054359562695116
2,8.517034068136272,-0.05996515193164285
2,8.537074148296593,-0.05699028034206529
2,8.557114228456914,-0.05319828539019299
2,8.577154308617233,-0.04866877976363009
2,8.597194388777554,-0.043490928063162335
2,8.617234468937875,-0.03776181507490957
2,8.637274549098196,-0.03158473078072557
2,8.657314629258517,-0.025067400993168877
2,8.677354709418838,-0.018320192633218702
2,8.697394789579159,-0.011454322343747275
2,8.71743486973948,-0.004580096366055665
2,8.737474949899799,0.0021947915765718434
2,8.75751503006012,0.00876687921643175
2,8.77755511022044,0.015038448254786464
2,8.797595190380761,0.020918909447936136
2,8.817635270541082,0.02632604177759908
2,8.837675350701403,0.031187069958570696
2,8.857715430861724,0.03543956745599735
2,8.877755511022043,0.03903217523196526
2,8.897795591182364,0.04192512956558902
2,8.917835671342685,0.044090595441646376
2,8.937875751503006,0.04551280513012547
2,8.957915831663327,0.04618800463447887
2,8.977955911823647,0.0461242136239731
2,8.997995991983968,0.0453408072422506
2,9.018036072144287,0.04386793076067637
2,9.038076152304608,0.041745760385921225
2,9.05811623246493,0.03902362560578971
2,9.07815631262525,0.03575901023971742
2,9.098196392785571,0.03201645083004383
2,9.118236472945892,0.027866352151894654
2,9.138276553106213,0.023383740423603215
2,9.158316633266534,0.018646975261872478
2,9.178356713426853,0.013736441547609743
2,9.198396793587174,0.008733242156112639
2,9.218436873747494,0.0037179119706905964
2,9.238476953907815,-0.0012308272417964347
2,9.258517034068136,-0.006037252640794544
2,9.278557114228457,-0.010629749740966846
2,9.298597194388778,-0.014941830012539311
2,9.318637274549097,-0.018913043025452426
2,9.338677354709418,-0.022489771497520537
2,9.358717434869739,-0.025625899727177867
2,9.37875751503006,-0.028283348107909282
2,9.39879759519038,-0.03043246869701908
2,9.418837675350701,-0.03205229910898869
2,9.438877755511022,-0.0331306742868046
2,9.458917835671341,-0.033664197937974136
2,9.478957915831662,-0.03365807757181075
2,9.498997995991983,-0.033125829109410095
2,9.519038076152304,-0.03208885892861117
2,9.539078156312625,-0.030575932927147487
2,9.559118236472946,-0.028622543715463095
2,9.579158316633267,-0.026270188367194615
2,9.599198396793588,-0.023565570244779364
2,9.619238476953907,-0.020559739268654946
2,9.639278557114228,-0.01730718560369416
2,9.659318637274549,-0.013864902092514715
2,9.67935871743487,-0.010291430872749962
2,9.69939879759519,-0.006645909478774696
2,9.719438877755511,-0.002987131355929685
2,9.739478957915832,0.000627364881299708
2,9.759519038076151,0.004142163921545437
2,9.779559118236472,0.007504787430949268
2,9.799599198396793,0.0106664415697538
2,9.819639278557114,0.013582688308128412
2,9.839679358717435,0.016214031939488747
2,9.859719438877756,0.018526413729470004
2,9.879759519038076,0.020491609250724713
2,9.899799599198396,0.02208752461086332
2,9.919839679358716,0.02329838945608535
2,9.939879759519037,0.02411484629972939
2,9.959919839679358,0.024533937357257896
2,9.97995991983968,0.024558991642400236
2,10.0,0.024199416570200097
3,0.0,-20.0
3,0.02004008016032064,-15.893152140690148
3,0.04008016032064128,-11.639929521904666
3,0.06012024048096192,-7.310476004991353
3,0.08016032064128256,-2.9743830198036156
3,0.1002004008016032,1.3003848340438076
3,0.12024048096192384,5.448512029820712
3,0.1402805611222445,9.40828751341613
3,0.16032064128256512,13.122479983751237
3,0.18036072144288576,16.53912136037844
3,0.2004008016032064,19.61218847116805
3,0.22044088176352705,22.302174832291158
3,0.24048096192384769,24.57654631335985
3,0.2605210420841683,26.41007645052962
3,0.280561122244489,27.785059157576242
3,0.3006012024048096,28.69139855792799
3,0.32064128256513025,29.1265775888697
3,0.3406813627254509,29.095508883599006
3,0.3607214428857715,28.610273190346494
3,0.3807615230460922,27.68975221546071
3,0.4008016032064128,26.35916425688648
3,0.42084168336673344,24.64951230637956
3,0.4408817635270541,22.596955426759383
3,0.4609218436873747,20.242115141440355
3,0.48096192384769537,17.62932929774616
3,0.501002004008016,14.80586637691443
3,0.5210420841683366,11.821113519538958
3,0.5410821643286573,8.725751616208223
3,0.561122244488978,5.570930683357937
3,0.5811623246492986,2.407458411131611
3,0.6012024048096192,-0.7149857563927323
3,0.6212424849699398,-3.748599354863
3,0.6412825651302605,-6.648157664711968
3,0.6613226452905812,-9.37165674331301
3,0.6813627254509018,-11.880890105471813
3,0.7014028056112224,-14.141951685310323
3,0.721442885771543,-16.12565904847477
3,0.7414829659318637,-17.807892220556564
3,0.7615230460921844,-19.16984493229014
3,0.781563126252505,-20.198186531115656
3,0.8016032064128256,-20.88513424905257
3,0.8216432865731462,-21.22843692621616
3,0.8416833667334669,-21.23127264645681
3,0.8617234468937875,-20.902064026589038
3,0.8817635270541082,-20.25421609520687
3,0.9018036072144289,-19.305782784725785
3,0.9218436873747494,-18.079069026700758
3,0.9418837675350701,-16.600176273548698
3,0.9619238476953907,-14.898499959842392
3,0.9819639278557114,-13.006187956108084
3,1.002004008016032,-10.957569452849302
3,1.0220440881763526,-8.78856394017086
3,1.0420841683366733,-6.536080019239143
3,1.062124248496994,-4.237413698677653
3,1.0821643286573146,-1.9296555969908595
3,1.1022044088176353,0.3508839014359183
3,1.122244488977956,2.5692229949367644
3,1.1422845691382766,4.692222402649401
3,1.1623246492985972,6.689057711851419
3,1.1823647294589177,8.531643783194829
3,1.2024048096192383,10.195005770061922
3,1.222444889779559,11.657592278390025
3,1.2424849699398797,12.901527209263106
3,1.2625250501002003,13.912797871317093
3,1.282565130260521,14.681378006503133
3,1.3026052104208417,15.20128542418587
3,1.3226452905811623,15.470574968608483
3,1.342685370741483,15.491268537858172
3,1.3627254509018036,15.269224814005586
3,1.3827655310621243,14.813952240630135
3,1.4028056112224447,14.138369583390292
3,1.4228456913827654,13.258519121071664
3,1.442885771543086,12.193238129696283
3,1.4629258517034067,10.963794833588533
3,1.4829659318637274,9.593495399354042
3,1.503006012024048,8.107268837967922
3,1.5230460921843687,6.53123685487132
3,1.5430861723446894,4.89227574825574
3,1.56312625250501,3.217577403478939
3,1.5831663326653307,1.534216270414943
3,1.6032064128256511,-0.13127105427303065
3,1.6232464929859718,-1.75328737972091
3,1.6432865731462925,-3.307551798756176
3,1.6633266533066131,-4.771446611829325
3,1.6833667334669338,-6.124329617369883
3,1.7034068136272544,-7.347807746861268
3,1.723446893787575,-8.42596872736016
3,1.7434869739478958,-9.34556819296884
3,1.7635270541082164,-10.096170427495359
3,1.783567134268537,-10.670241690769016
3,1.8036072144288577,-11.063195848534114
3,1.8236472945891782,-11.273392778595785
3,1.8436873747494988,-11.30209075253058
3,1.8637274549098195,-11.153354682091024
3,1.8837675350701402,-10.833922762556375
3,1.9038076152304608,-10.35303463281651
3,1.9238476953907815,-9.722224696118339
3,1.9438877755511021,-8.955084699535151
3,1.9639278557114228,-8.067000048978938
3,1.9839679358717435,-7.074864635916318
3,2.004008016032064,-5.9967791691647285
3,2.024048096192385,-4.8517381388826015
3,2.0440881763527052,-3.659310590111115
3,2.064128256513026,-2.439319851264841
3,2.0841683366733466,-1.2115272513508364
3,2.1042084168336674,0.004675327856656483
3,2.124248496993988,1.19055947712089
3,2.1442885771543083,2.3283365989249107
3,2.164328657314629,3.4014126795003685
3,2.1843687374749496,4.394618046414058
3,2.2044088176352705,5.294409141280565
3,2.224448897795591,6.089039848613187
3,2.244488977955912,6.768700459000427
3,2.2645290581162323,7.325622898659478
3,2.284569138276553,7.754151418899812
3,2.3046092184368736,8.050778499155943
3,2.3246492985971945,8.214146267299318
3,2.344689378757515,8.245014272559688
3,2.3647294589178354,8.146194951726825
3,2.3847695390781563,7.922458601112655
3,2.4048096192384767,7.580410098490441
3,2.4248496993987976,7.128340005136401
3,2.444889779559118,6.576053013286293
3,2.464929859719439,5.934676984804826
3,2.4849699398797593,5.2164560496246475
3,2.50501002004008,4.434531395495626
3,2.5250501002004007,3.6027134827337433
3,2.5450901803607215,2.735249458885783
3,2.565130260521042,1.8465895294041161
3,2.5851703406813624,0.9511559633400257
3,2.6052104208416833,0.063118280371298
3,2.6252505010020037,-0.8038220193644262
3,2.6452905811623246,-1.6366340539666666
3,2.665330661322645,-2.423144634272574
3,2.685370741482966,-3.1522072751158237
3,2.7054108216432864,-3.813850949879145
3,2.7254509018036073,-4.39940676616026
3,2.7454909819639277,-4.901611130912579
3,2.7655310621242486,-5.314684376638095
3,2.785571142284569,-5.63438422947775
3,2.8056112224448895,-5.85803390881654
3,2.8256513026052104,-5.9845250499156935
3,2.845691382765531,-6.014296029991164
3,2.8657314629258517,-5.949286648316707
3,2.885771543086172,-5.792870457020709
3,2.905811623246493,-5.5497663564548585
3,2.9258517034068134,-5.225931353098636
3,2.9458917835671343,-4.828436625307668
3,2.9659318637274548,-4.3653292498631515
3,2.9859719438877756,-3.8454821079731913
3,3.006012024048096,-3.278434611568757
3,3.0260521042084165,-2.67422696859689
3,3.0460921843687374,-2.043230739428623
3,3.066132264529058,-1.395978426049487
3,3.0861723446893787,-0.7429947826426493
3,3.106212424849699,-0.09463244239683076
3,3.12625250501002,0.5390856766480823
3,3.1462925851703405,1.1486148911485514
3,3.1663326653306614,1.7250261008084877
3,3.186372745490982,2.2601300957569763
3,3.2064128256513023,2.746587203584624
3,3.226452905811623,3.1780009261716975
3,3.2464929859719436,3.548994500348009
3,3.2665330661322645,3.855269609937447
3,3.286573146292585,4.093646775032187
3,3.306613226452906,4.262087242629594
3,3.3266533066132262,4.359696496384216
3,3.346693386773547,4.386709787704278
3,3.3667334669338675,4.344460361534441
3,3.3867735470941884,4.235331304008938
3,3.406813627254509,4.062692172191041
3,3.4268537074148293,3.830821775210155
3,3.44689378757515,3.5448186585929022
3,3.4669338677354706,3.2105009972670953
3,3.4869739478957915,2.834297725911459
3,3.507014028056112,2.4231328268608547
3,3.527054108216433,1.984304755012526
3,3.5470941883767533,1.525363005991311
3,3.567134268537074,1.0539838286066854
3,3.5871743486973946,0.5778470462516986
3,3.6072144288577155,0.10451588569582802
3,3.627254509018036,-0.3586783825114828
3,3.6472945891783564,-0.8047453079137965
3,3.6673346693386772,-1.2271360876326478
3,3.6873747494989977,-1.6198349807727386
3,3.7074148296593186,-1.9774401144752354
3,3.727454909819639,-2.2952326819447397
3,3.74749498997996,-2.569233739140651
3,3.7675350701402803,-2.7962480204595828
3,3.787575150300601,-2.973894411124186
3,3.8076152304609217,-3.1006229316391662
3,3.8276553106212425,-3.17571830417129
3,3.847695390781563,-3.199290378778555
3,3.8677354709418834,-3.1722518959627615
3,3.8877755511022043,-3.096284248180542
3,3.9078156312625247,-2.9737920741183177
3,3.9278557114228456,-2.8078476734127635
3,3.947895791583166,-2.6021263641043952
3,3.967935871743487,-2.360834018822168
3,3.9879759519038074,-2.088628107253436
3,4.008016032064128,-1.7905336409751567
3,4.028056112224449,-1.471855461711041
3,4.04809619238477,-1.1380883354162088
3,4.06813627254509,-0.7948263125314222
3,4.0881763527054105,-0.4476727899061319
3,4.108216432865731,-0.10215266321986805
3,4.128256513026052,0.236372108494799
3,4.148296593186372,0.5627822908422189
3,4.168336673346693,0.8722753825722168
3,4.188376753507014,1.1604328311323222
3,4.208416833667335,1.4232795732080419
3,4.228456913827655,1.6573351601377406
3,4.248496993987976,1.8596558780741062
3,4.268537074148297,2.0278674282467213
3,4.288577154308617,2.160187891092193
3,4.3086172344689375,2.255440856810187
3,4.328657314629258,2.3130587615826217
3,4.348697394789579,2.3330766208628355
3,4.368737474949899,2.3161164965333345
3,4.38877755511022,2.2633631712411937
3,4.408817635270541,2.176531628934723
3,4.428857715430862,2.0578270538470456
3,4.448897795591182,1.9098981594417546
3,4.468937875751503,1.7357847429477073
3,4.488977955911824,1.538860429126272
3,4.509018036072144,1.3227716181710936
3,4.529058116232465,1.0913736867539234
3,4.5490981963927855,0.8486655080925398
3,4.569138276553106,0.5987233566935897
3,4.589178356713426,0.34563524654325234
3,4.609218436873747,0.09343671865953564
3,4.629258517034068,-0.1539509540064938
3,4.649298597194389,-0.39277923820414595
3,4.669338677354709,-0.6195266569340259
3,4.68937875751503,-0.8309482049502755
3,4.709418837675351,-1.0241192124317187
3,4.729458917835671,-1.1964731090330643
3,4.749498997995992,-1.3458326495236639
3,4.7695390781563125,-1.4704342753689972
3,4.789579158316633,-1.568945402035152
3,4.809619238476953,-1.6404745376384846
3,4.829659318637274,-1.6845742529992824
3,4.849699398797595,-1.701237134435401
3,4.869739478957916,-1.6908849570881943
3,4.889779559118236,-1.6543514166637021
3,4.909819639278557,-1.592858849790462
3,4.929859719438878,-1.5079894564913197
3,4.949899799599198,-1.4016516114618875
3,4.969939879759519,-1.2760419130499132
3,4.98997995991984,-1.1336036693383515
3,5.01002004008016,-0.9769825590513175
3,5.03006012024048,-0.8089802308308442
3,5.050100200400801,-0.6325066176796628
3,5.070140280561122,-0.4505317441372281
3,5.090180360721443,-0.26603779235062675
3,5.110220440881763,-0.08197217010071146
3,5.130260521042084,0.0987977103018551
3,5.150300601202405,0.2735272777170505
3,5.170340681362725,0.4396346616068015
3,5.190380761523046,0.59473701621661
3,5.210420841683367,0.736682829456523
3,5.2304609218436875,0.8635798111526268
3,5.2505010020040075,0.9738180345411951
3,5.270541082164328,1.0660880872088587
3,5.290581162324649,1.1393940717776203
3,5.31062124248497,1.1930613811349624
3,5.33066132264529,1.2267392565850257
3,5.350701402805611,1.2403982186631255
3,5.370741482965932,1.2343225382955583
3,5.390781563126252,1.2090979893662381
3,5.410821643286573,1.1655951915369989
3,5.430861723446894,1.1049489134390336
3,5.4509018036072145,1.0285337603124798
3,5.4709418837675345,0.9379367161580315
3,5.490981963927855,0.8349270479577163
3,5.511022044088176,0.7214241081464869
3,5.531062124248497,0.5994635910454581
3,5.551102204408817,0.4711628093216091
3,5.571142284569138,0.338685557784563
3,5.591182364729459,0.20420712417528264
3,5.611222444889779,0.06987999038507868
3,5.6312625250501,-0.06219925676670231
3,5.651302605210421,-0.19002131789069157
3,5.671342685370742,-0.31169342786680404
3,5.691382765531062,-0.42546605321494185
3,5.7114228456913825,-0.5297566859570354
3,5.731462925851703,-0.6231704341339072
3,5.751503006012024,-0.7045171666851162
3,5.771543086172344,-0.772825030301378
3,5.791583166332665,-0.8273502171232414
3,5.811623246492986,-0.8675829237939011
3,5.831663326653306,-0.8932495034059089
3,5.851703406813627,-0.904310871371365
3,5.871743486973948,-0.9009572833014053
3,5.891783567134269,-0.8835996567717734
3,5.911823647294589,-0.8528576586168904
3,5.9318637274549095,-0.8095448244574034
3,5.95190380761523,-0.754651016937802
3,5.971943887775551,-0.6893225631411488
3,5.991983967935871,-0.6148404394696095
3,6.012024048096192,-0.5325968936505514
3,6.032064128256513,-0.4440709082749857
3,6.052104208416833,-0.3508029183318157
3,6.072144288577154,-0.254369196608643
3,6.092184368737475,-0.15635631573071276
3,6.112224448897796,-0.058336084245629076
3,6.132264529058116,0.038158663133754156
3,6.152304609218437,0.13165706382438297
3,6.1723446893787575,0.22077168473025788
3,6.192384769539078,0.3042181414741537
3,6.212424849699398,0.3808326184476145
3,6.232464929859719,0.44958706793825526
3,6.25250501002004,0.5096019083978053
3,6.27254509018036,0.5601560854929076
3,6.292585170340681,0.6006944042072632
3,6.312625250501002,0.6308320852151456
3,6.332665330661323,0.6503565433111298
3,6.352705410821643,0.6592264291720773
3,6.372745490981964,0.6575680174917324
3,6.3927855711422845,0.6456690639554812
3,6.4128256513026045,0.6239702900546517
3,6.432865731462925,0.5930546878768813
3,6.452905811623246,0.5536348663179793
3,6.472945891783567,0.5065386852780683
3,6.492985971943887,0.45269344504241155
3,6.513026052104208,0.3931089139935415
3,6.533066132264529,0.32885948892391353
3,6.55310621242485,0.2610657884628013
3,6.57314629258517,0.19087598152177165
3,6.593186372745491,0.119447149298304
3,6.613226452905812,0.047926971428213484
3,6.633266533066132,-0.02256398541759812
3,6.6533066132264524,-0.0909491145371476
3,6.673346693386773,-0.1562115098774815
3,6.693386773547094,-0.21740838178129207
3,6.713426853707414,-0.27368395534351003
3,6.733466933867735,-0.32428068743374433
3,6.753507014028056,-0.36854866880675685
3,6.773547094188377,-0.4059531094233566
3,6.793587174348697,-0.43607983760858987
3,6.813627254509018,-0.45863877645519285
3,6.833667334669339,-0.47346539341816485
3,6.853707414829659,-0.48052015083853405
3,6.8737474949899795,-0.47988601570216327
3,6.8937875751503,-0.47176411583541017
3,6.913827655310621,-0.4564676565533526
3,6.933867735470941,-0.4344142361405313
3,6.953907815631262,-0.40611672013883293
3,6.973947895791583,-0.37217285297340424
3,6.993987975951904,-0.3332538007507002
3,7.014028056112224,-0.2900918309546979
3,7.034068136272545,-0.24346734314665866
3,7.054108216432866,-0.19419546959713274
3,7.074148296593186,-0.14311246605890418
3,7.0941883767535066,-0.09106211069477574
3,7.114228456913827,-0.038882323624782736
3,7.134268537074148,0.012607789175891532
3,7.154308617234468,0.06262027559869103
3,7.174348697394789,0.11040988312689072
3,7.19438877755511,0.15528464977996245
3,7.214428857715431,0.1966153984204527
3,7.234468937875751,0.23384401324151474
3,7.254509018036072,0.26649039930885704
3,7.274549098196393,0.29415804908782023
3,7.294589178356713,0.31653816355935427
3,7.314629258517034,0.3334122994322637
3,7.3346693386773545,0.3446535377136687
3,7.354709418837675,0.35022619213770617
3,7.374749498997995,0.3501840983232403
3,7.394789579158316,0.34466754570681973
3,7.414829659318637,0.3338989339757724
3,7.434869739478958,0.31817725363775606
3,7.454909819639278,0.29787150627115094
3,7.474949899799599,0.2734131937064853
3,7.49498997995992,0.2452880167330733
3,7.51503006012024,0.21402693278856696
3,7.535070140280561,0.18019672839531428
3,7.5551102204408815,0.14439026582125497
3,7.575150300601202,0.10721656457088095
3,7.595190380761522,0.06929087690042077
3,7.615230460921843,0.031224912685841183
3,7.635270541082164,-0.006382637225778266
3,7.655310621242485,-0.04295513842682729
3,7.675350701402805,-0.07794648073524678
3,7.695390781563126,-0.11084885811901775
3,7.715430861723447,-0.1411997562176877
3,7.735470941883767,-0.1685880579095576
3,7.755511022044088,-0.19265919339040685
3,7.775551102204409,-0.21311927799843264
3,7.7955911823647295,-0.22973819825947464
3,7.8156312625250495,-0.24235162405521193
3,7.83567134268537,-0.25086194215780494
3,7.855711422845691,-0.2552381233583235
3,7.875751503006012,-0.2555145517866566
3,7.895791583166332,-0.2517888605366371
3,7.915831663326653,-0.2442188321505833
3,7.935871743486974,-0.2330184356832053
3,7.955911823647294,-0.21845308378176567
3,7.975951903807615,-0.2008342033402998
3,7.995991983967936,-0.18051322169207137
3,8.016032064128256,-0.15787507690738625
3,8.036072144288577,-0.13333136550511474
3,8.056112224448897,-0.10731324373788621
3,8.076152304609218,-0.08026419957526626
3,8.09619238476954,-0.05263281161835558
3,8.11623246492986,-0.024865608492942348
3,8.13627254509018,0.002599862126452289
3,8.1563126252505,0.029341651701626142
3,8.176352705410821,0.05495962052103484
3,8.196392785571142,0.07908115195899651
3,8.216432865731463,0.10136629427582572
3,8.236472945891784,0.12151226379761794
3,8.256513026052104,0.13925725494525285
3,8.276553106212425,0.15438351477642148
3,8.296593186372744,0.16671965225749577
3,8.316633266533065,0.1761421651885206
3,8.336673346693386,0.1825761803621126
3,8.356713426853707,0.18599541494893146
3,8.376753507014028,0.18642137908052858
3,8.396793587174349,0.18392185096846272
3,8.41683366733467,0.17860866649388393
3,8.436873747494989,0.1706348748779305
3,8.45691382765531,0.1601913206718195
3,8.47695390781563,0.14750271977755822
3,8.496993987975952,0.1328233034376901
3,8.517034068136272,0.11643210904903338
3,8.537074148296593,0.09862800021661285
3,8.557114228456914,0.07972450064804572
3,8.577154308617233,0.060044527295547705
3,8.597194388777554,0.03991510760412015
3,8.617234468937875,0.019662163862725367
3,8.637274549098196,-0.00039455545806606446
3,8.657314629258517,-0.019946321783290283
3,8.677354709418838,-0.0386999796874191
3,8.697394789579159,-0.05638214341191991
3,8.71743486973948,-0.07274297990100818
3,8.737474949899799,-0.08755952948649738
3,8.75751503006012,-0.10063852379731546
3,8.77755511022044,-0.1118186693359606
3,8.797595190380761,-0.12097237430389782
3,8.817635270541082,-0.12800690552074762
3,8.837675350701403,-0.1328649715204034
3,8.857715430861724,-0.13552473697694362
3,8.877755511022043,-0.13599928237684844
3,8.897795591182364,-0.13433553118209987
3,8.917835671342685,-0.1306126745019167
3,8.937875751503006,-0.12494013040136474
3,8.957915831663327,-0.11745508132820591
3,8.977955911823647,-0.10831963865460356
3,8.997995991983968,-0.09771768794228484
3,9.018036072144287,-0.08585147219881085
3,9.038076152304608,-0.07293797306524026
3,9.05811623246493,-0.059205151544389205
3,9.07815631262525,-0.0448881105429789
3,9.098196392785571,-0.03022524117485893
3,9.118236472945892,-0.015454413485829903
3,9.138276553106213,-0.000809270057491912
3,9.158316633266534,0.013484322114851921
3,9.178356713426853,0.02721160992758698
3,9.198396793587174,0.04017203567734158
3,9.218436873747494,0.05218201997616826
3,9.238476953907815,0.06307740998512196
3,9.258517034068136,0.07271556300852815
3,9.278557114228457,0.08097704193779101
3,9.298597194388778,0.08776690568744251
3,9.318637274549097,0.09301558451806488
3,9.338677354709418,0.09667933688278217
3,9.358717434869739,0.09874029106097357
3,9.37875751503006,0.09920608125401506
3,9.39879759519038,0.09810909391826202
3,9.418837675350701,0.09550534581254838
3,9.438877755511022,0.09147302046190296
3,9.458917835671341,0.08611069441618216
3,9.478957915831662,0.07953528875235565
3,9.498997995991983,0.07187978468374034
3,9.519038076152304,0.06329074486143427
3,9.539078156312625,0.053925683957246014
3,9.559118236472946,0.04395033339005718
3,9.579158316633267,0.033535845597077424
3,9.599198396793588,0.022855983067661186
3,9.619238476953907,0.012084336471101947
3,9.639278557114228,0.0013916146524500595
3,9.659318637274549,-0.009056952917074706
3,9.67935871743487,-0.019104063416191343
3,9.69939879759519,-0.028602603147473774
3,9.719438877755511,-0.037417694428655175
3,9.739478957915832,-0.04542850025721103
3,9.759519038076151,-0.05252976455420197
3,9.779559118236472,-0.05863307047979782
3,9.799599198396793,-0.06366780415653167
3,9.819639278557114,-0.0675818160575625
3,9.839679358717435,-0.0703417772370819
3,9.859719438877756,-0.07193323242169138
3,9.879759519038076,-0.07236035667126602
3,9.899799599198396,-0.07164542678600759
3,9.919839679358716,-0.06982802281868343
3,9.939879759519037,-0.06696397888919067
3,9.959919839679358,-0.0631241059411049
3,9.97995991983968,-0.05839271208278705
3,10.0,-0.052865948682910786
4,0.0,5.0
4,0.02004008016032064,6.749638414208036
4,0.04008016032064128,8.350227801086303
4,0.06012024048096192,9.780447870615602
4,0.08016032064128256,11.022172447590174
4,0.1002004008016032,12.06067346054446
4,0.12024048096192384,12.884766724736284
4,0.1402805611222445,13.486898687216309
4,0.16032064128256512,13.863174245824704
4,0.18036072144288576,14.013326672547544
4,0.2004008016032064,13.940631551300442
4,0.22044088176352705,13.651767468100989
4,0.24048096192384769,13.156626956085903
4,0.2605210420841683,12.468081888546369
4,0.280561122244489,11.601708121130986
4,0.3006012024048096,10.57547470215053
4,0.32064128256513025,9.40940339166001
4,0.3406813627254509,8.125204551484869
4,0.3607214428857715,6.74589568706586
4,0.3807615230460922,5.29540903705782
4,0.4008016032064128,3.798194618809342
4,0.42084168336673344,2.2788250495410445
4,0.4408817635270541,0.7616082781097712
4,0.4609218436873747,-0.7297859140108393
4,0.48096192384769537,-2.172680144895865
4,0.501002004008016,-3.5457193378199596
4,0.5210420841683366,-4.8291717469311015
4,0.5410821643286573,-6.005197114292807
4,0.561122244488978,-7.05807858276935
4,0.5811623246492986,-7.974415639889711
4,0.6012024048096192,-8.743276044912431
4,0.6212424849699398,-9.356305383580716
4,0.6412825651302605,-9.807793591303696
4,0.6613226452905812,-10.09469847473977
4,0.6813627254509018,-10.216626933388708
4,0.7014028056112224,-10.175775226757246
4,0.721442885771543,-9.976830239566944
4,0.7414829659318637,-9.626834258755567
4,0.7615230460921844,-9.135016284041924
4,0.781563126252505,-8.51259334196061
4,0.8016032064128256,-7.77254565600918
4,0.8216432865731462,-6.929369838528145
4,0.8416833667334669,-5.998814509994587
4,0.8617234468937875,-4.9976029166132365
4,0.8817635270541082,-3.943147206712658
4,0.9018036072144289,-2.8532590409772056
4,0.9218436873747494,-1.7458611526081829
4,0.9418837675350701,-0.6387043438581608
4,0.9619238476953907,0.45090579119250973
4,0.9819639278557114,1.506368386512077
4,1.002004008016032,2.5120293509004217
4,1.0220440881763526,3.453402591548971
4,1.0420841683366733,4.317367473154446
4,1.062124248496994,5.092340016090352
4,1.0821643286573146,5.768415809842777
4,1.1022044088176353,6.337483110508401
4,1.122244488977956,6.793305095435856
4,1.1422845691382766,7.131570755890946
4,1.1623246492985972,7.349914411914422
4,1.1823647294589177,7.44790432456033
4,1.2024048096192383,7.427001352081648
4,1.222444889779559,7.2904890414850465
4,1.2424849699398797,7.043376958912703
4,1.2625250501002003,6.692279435899235
4,1.282565130260521,6.2452722388108395
4,1.3026052104208417,5.711729951615205
4,1.3226452905811623,5.102147094311383
4,1.342685370741483,4.427946178497878
4,1.3627254509018036,3.7012760261929527
4,1.3827655310621243,2.934803747549275
4,1.4028056112224447,2.1415037878104783
4,1.4228456913827654,1.3344474148714829
4,1.442885771543086,0.5265959280743352
4,1.4629258517034067,-0.26939927089939253
4,1.4829659318637274,-1.0413867895838698
4,1.503006012024048,-1.777892810282275
4,1.5230460921843687,-2.4682836451914754
4,1.5430861723446894,-3.1029111126631124
4,1.56312625250501,-3.673238888701605
4,1.5831663326653307,-4.171948331177933
4,1.6032064128256511,-4.59302263256933
4,1.6232464929859718,-4.931808524346897
4,1.6432865731462925,-5.185055126456753
4,1.6633266533066131,-5.350929902812185
4,1.6833667334669338,-5.429012042658281
4,1.7034068136272544,-5.420263932686759
4,1.723446893787575,-5.326981710818874
4,1.7434869739478958,-5.152726195012101
4,1.7635270541082164,-4.902235755139986
4,1.783567134268537,-4.5813229393386345
4,1.8036072144288577,-4.196756875182987
4,1.8236472945891782,-3.7561336382380035
4,1.8436873747494988,-3.267736914147307
4,1.8637274549098195,-2.740391374344527
4,1.8837675350701402,-2.18331123921818
4,1.9038076152304608,-1.605946516290002
4,1.9238476953907815,-1.0178293754575425
4,1.9438877755511021,-0.4284230599810844
4,1.9639278557114228,0.15302436740612957
4,1.9839679358717435,0.7176192766704526
4,2.004008016032064,1.2569527176985158
4,2.024048096192385,1.7632198499517477
4,2.0440881763527052,2.229326956161535
4,2.064128256513026,2.6489846755591087
4,2.0841683366733466,3.0167863415396163
4,2.1042084168336674,3.3282705692995567
4,2.124248496993988,3.579967506504293
4,2.1442885771543083,3.7694284300852967
4,2.164328657314629,3.8952386405486084
4,2.1843687374749496,3.957013867546668
4,2.2044088176352705,3.955380652968995
4,2.224448897795591,3.8919414167408393
4,2.244488977955912,3.769225132484166
4,2.2645290581162323,3.590624742143599
4,2.284569138276553,3.360322617951133
4,2.3046092184368736,3.083205534458873
4,2.3246492985971945,2.764770741014029
4,2.344689378757515,2.4110248246544375
4,2.3647294589178354,2.0283771241046056
4,2.3847695390781563,1.6235294969661946
4,2.4048096192384767,1.2033642544028056
4,2.4248496993987976,0.7748320611528774
4,2.444889779559118,0.3448415545371489
4,2.464929859719439,-0.07984763436285237
4,2.4849699398797593,-0.49272686923342035
4,2.50501002004008,-0.8876340361659424
4,2.5250501002004007,-1.258841277398822
4,2.5450901803607215,-1.601133753176391
4,2.565130260521042,-1.9098784233168147
4,2.5851703406813624,-2.1810820212116844
4,2.6052104208416833,-2.41143758254096
4,2.6252505010020037,-2.5983590858055927
4,2.6452905811623246,-2.740003958678985
4,2.665330661322645,-2.8352834000269347
4,2.685370741482966,-2.883860659208207
4,2.7054108216432864,-2.8861375990469718
4,2.7254509018036073,-2.843230043948888
4,2.7454909819639277,-2.756932577517989
4,2.7655310621242486,-2.6296736024783267
4,2.785571142284569,-2.464461607750358
4,2.8056112224448895,-2.2648237015204025
4,2.8256513026052104,-2.03473756373931
4,2.845691382765531,-1.7785580456962389
4,2.8657314629258517,-1.5009396974823306
4,2.885771543086172,-1.2067565359788412
4,2.905811623246493,-0.9010203765079575
4,2.9258517034068134,-0.5887990408389258
4,2.9458917835671343,-0.27513572353005505
4,2.9659318637274548,0.03502925140533936
4,2.9859719438877756,0.33693311953453037
4,3.006012024048096,0.6260607312895043
4,3.0260521042084165,0.898208993345109
4,3.0460921843687374,1.1495448280909841
4,3.066132264529058,1.3766559061349417
4,3.0861723446893787,1.576593538305405
4,3.106212424849699,1.7469072514729689
4,3.12625250501002,1.8856707143731948
4,3.1462925851703405,1.991498823166229
4,3.1663326653306614,2.0635558994276795
4,3.186372745490982,2.101555093408199
4,3.2064128256513023,2.105749220605649
4,3.226452905811623,2.076913387971901
4,3.2464929859719436,2.0163198855930355
4,3.2665330661322645,1.9257059287858556
4,3.286573146292585,1.807234932798361
4,3.306613226452906,1.6634520864613718
4,3.3266533066132262,1.4972350612226228
4,3.346693386773547,1.3117407472571043
4,3.3667334669338675,1.110348948293313
4,3.3867735470941884,0.8966039911800409
4,3.406813627254509,0.6741552150487066
4,3.4268537074148293,0.44669729845013717
4,3.44689378757515,0.21791136154477533
4,3.4669338677354706,-0.008592254997603344
4,3.4869739478957915,-0.2293286813726092
4,3.507014028056112,-0.44098988804268113
4,3.527054108216433,-0.6404920125624306
4,3.5470941883767533,-0.8250180043553117
4,3.567134268537074,-0.9920550370809588
4,3.5871743486973946,-1.1394262337334569
4,3.6072144288577155,-1.2653163498492896
4,3.627254509018036,-1.368291163493927
4,3.6472945891783564,-1.4473104253478366
4,3.6673346693386772,-1.501734326554913
4,3.6873747494989977,-1.531323544406211
4,3.7074148296593186,-1.5362330248552458
4,3.727454909819639,-1.5169997548385052
4,3.74749498997996,-1.4745248650596257
4,3.7675350701402803,-1.4100504840732335
4,3.787575150300601,-1.3251318361079032
4,3.8076152304609217,-1.2216051371906904
4,3.8276553106212425,-1.10155189604247
4,3.847695390781563,-0.9672602673466122
4,3.8677354709418834,-0.8211841349777581
4,3.8877755511022043,-0.6659006214213538
4,3.9078156312625247,-0.5040667269084788
4,3.9278557114228456,-0.3383757979025662
4,3.947895791583166,-0.1715145098439866
4,3.967935871743487,-0.006121023984656165
4,3.9879759519038074,0.1552550566223512
4,4.008016032064128,0.3101903505895954
4,4.028056112224449,0.4564224514104194
4,4.04809619238477,0.5918812993926256
4,4.06813627254509,0.7147167658645778
4,4.0881763527054105,0.8233221125407407
4,4.108216432865731,0.9163530618133092
4,4.128256513026052,0.9927422889359111
4,4.148296593186372,1.0517092233497776
4,4.168336673346693,1.0927651225534563
4,4.188376753507014,1.1157134567461209
4,4.208416833667335,1.1206457148449882
4,4.228456913827655,1.1079328113184992
4,4.248496993987976,1.0782123376005253
4,4.268537074148297,1.03237196076316
4,4.288577154308617,0.9715293248402493
4,4.3086172344689375,0.8970088560404644
4,4.328657314629258,0.8103159115215824
4,4.348697394789579,0.7131087419997151
4,4.368737474949899,0.6071687609553739
4,4.38877755511022,0.4943696274219358
4,4.408817635270541,0.37664565528514604
4,4.428857715430862,0.25596005979692416
4,4.448897795591182,0.1342735418518306
4,4.468937875751503,0.013513692845039012
4,4.488977955911824,-0.10445432190679113
4,4.509018036072144,-0.21785537458173534
4,4.529058116232465,-0.32502989177672487
4,4.5490981963927855,-0.4244569300421409
4,4.569138276553106,-0.5147745099301997
4,4.589178356713426,-0.5947969587894172
4,4.609218436873747,-0.6635290655203713
4,4.629258517034068,-0.7201769052500954
4,4.649298597194389,-0.7641552474844089
4,4.669338677354709,-0.7950915168679671
4,4.68937875751503,-0.8128263303533705
4,4.709418837675351,-0.8174106875201768
4,4.729458917835671,-0.809099941207915
4,4.749498997995992,-0.7883447228079951
4,4.7695390781563125,-0.7557790398409058
4,4.789579158316633,-0.7122058022473781
4,4.809619238476953,-0.6585800676499691
4,4.829659318637274,-0.595990324289588
4,4.849699398797595,-0.5256381530988393
4,4.869739478957916,-0.4488166272262289
4,4.889779559118236,-0.3668878181558686
4,4.909819639278557,-0.28125978235647153
4,4.929859719438878,-0.19336340121678167
4,4.949899799599198,-0.10462944004846546
4,4.969939879759519,-0.016466179415829413
4,4.98997995991984,0.06976204568237972
4,5.01002004008016,0.15275508579320085
4,5.03006012024048,0.23129571003836746
4,5.050100200400801,0.3042665767566872
4,5.070140280561122,0.37066522023378196
4,5.090180360721443,0.4296168685228189
4,5.110220440881763,0.480384945873613
4,5.130260521042084,0.5223791531339931
4,5.150300601202405,0.555161060010251
4,5.170340681362725,0.5784471836223647
4,5.190380761523046,0.5921095677299616
4,5.210420841683367,0.5961739157271413
4,5.2304609218436875,0.5908153674333061
4,5.2505010020040075,0.5763520443100411
4,5.270541082164328,0.5532365195277784
4,5.290581162324649,0.5220453978631564
4,5.31062124248497,0.483467215362571
4,5.33066132264529,0.43828888975887115
4,5.350701402805611,0.38738096954435275
4,5.370741482965932,0.3316819422225165
4,5.390781563126252,0.2721818704929024
4,5.410821643286573,0.20990562894829143
4,5.430861723446894,0.14589601333133406
4,5.4509018036072145,0.08119698962478608
4,5.4709418837675345,0.016837341416427894
4,5.490981963927855,-0.04618503867478922
4,5.511022044088176,-0.106917983907921
4,5.531062124248497,-0.16446880443150927
4,5.551102204408817,-0.2180167663406535
4,5.571142284569138,-0.26682413528793647
4,5.591182364729459,-0.31024564766704305
4,5.611222444889779,-0.34773630038112957
4,5.6312625250501,-0.378857379209027
4,5.651302605210421,-0.4032806753129745
4,5.671342685370742,-0.42079086901678053
4,5.691382765531062,-0.4312860891589374
4,5.7114228456913825,-0.43477668464565805
4,5.731462925851703,-0.431382271872072
4,5.751503006012024,-0.42132714705520735
4,5.771543086172344,-0.4049341758743064
4,5.791583166332665,-0.38261729382785714
4,5.811623246492986,-0.3548727691219616
4,5.831663326653306,-0.3222693954783592
4,5.851703406813627,-0.28543779481958725
4,5.871743486973948,-0.24505901923149687
4,5.891783567134269,-0.20185264784971216
4,5.911823647294589,-0.1565645773486529
4,5.9318637274549095,-0.1099547045616085
4,5.95190380761523,-0.06278469650999031
4,5.971943887775551,-0.01580603689672149
4,5.991983967935871,0.030251470905535205
4,6.012024048096192,0.07469057595558992
4,6.032064128256513,0.11685667247801104
4,6.052104208416833,0.15614697480156842
4,6.072144288577154,0.19201865386611233
4,6.092184368737475,0.22399583389923133
4,6.112224448897796,0.2516753682081719
4,6.132264529058116,0.2747313341380633
4,6.152304609218437,0.29291820876553626
4,6.1723446893787575,0.3060727084806808
4,6.192384769539078,0.31411429692081994
4,6.212424849699398,0.31704438643029637
4,6.232464929859719,0.3149442780225683
4,6.25250501002004,0.3079719034272804
4,6.27254509018036,0.2963574499544536
4,6.292585170340681,0.2803979643685927
4,6.312625250501002,0.2604510455376114
4,6.332665330661323,0.23692774713974313
4,6.352705410821643,0.21028482104706675
4,6.372745490981964,0.1810164390651775
4,6.3927855711422845,0.14964553544112694
4,6.4128256513026045,0.11671491493980443
4,6.432865731462925,0.08277827135357164
4,6.452905811623246,0.04839125910785514
4,6.472945891783567,0.014102756247288932
4,6.492985971943887,-0.019553549344288487
4,6.513026052104208,-0.05206712696992102
4,6.533066132264529,-0.08295800992878227
4,6.55310621242485,-0.11178354022703146
4,6.57314629258517,-0.13814436219492462
4,6.593186372745491,-0.1616895899722358
4,6.613226452905812,-0.18212108860754656
4,6.633266533066132,-0.19919682387507132
4,6.6533066132264524,-0.21273325159074755
4,6.673346693386773,-0.2226067329544221
4,6.693386773547094,-0.22875397800917743
4,6.713426853707414,-0.23117153445323219
4,6.733466933867735,-0.22991435353821305
4,6.753507014028056,-0.2250934784291339
4,6.773547094188377,-0.21687291299427072
4,6.793587174348697,-0.20546574036638243
4,6.813627254509018,-0.1911295706229303
4,6.833667334669339,-0.17416140544964165
4,6.853707414829659,-0.15489201458276228
4,6.8737474949899795,-0.1336799241017984
4,6.8937875751503,-0.11090512022502426
4,6.913827655310621,-0.0869625741307627
4,6.933867735470941,-0.06225569350167225
4,6.953907815631262,-0.03718980500650493
4,6.973947895791583,-0.012165768858394786
4,6.993987975951904,0.012426177991655006
4,7.014028056112224,0.03621225944361318
4,7.034068136272545,0.058840595281130594
4,7.054108216432866,0.07998615867653665
4,7.074148296593186,0.09935519052769634
4,7.0941883767535066,0.1166890151116483
4,7.114228456913827,0.13176721228163077
4,7.134268537074148,0.1444101126086852
4,7.154308617234468,0.1544805932910583
4,7.174348697394789,0.161885164139401
4,7.19438877755511,0.16657434431206802
4,7.214428857715431,0.16854234154796138
4,7.234468937875751,0.16782605625839783
4,7.254509018036072,0.16450344283995152
4,7.274549098196393,0.158691269815962
4,7.294589178356713,0.150542328779632
4,7.314629258517034,0.14024214948746083
4,7.3346693386773545,0.12800528474744705
4,7.354709418837675,0.11407123389045888
4,7.374749498997995,0.09870007755364384
4,7.394789579158316,0.08216789921001771
4,7.414829659318637,0.06476207033689965
4,7.434869739478958,0.04677647633576651
4,7.454909819639278,0.02850675932485302
4,7.474949899799599,0.010245651768961259
4,7.49498997995992,-0.007721528348798364
4,7.51503006012024,-0.025121154392828197
4,7.535070140280561,-0.041695278774137964
4,7.5551102204408815,-0.05720527632192119
4,7.575150300601202,-0.07143509492255513
4,7.595190380761522,-0.08419407236549961
4,7.615230460921843,-0.09531928613953541
4,7.635270541082164,-0.10467741105263452
4,7.655310621242485,-0.11216606786935679
4,7.675350701402805,-0.11771465453606635
4,7.695390781563126,-0.12128465986423048
4,7.715430861723447,-0.1228694676375833
4,7.735470941883767,-0.12249366687863476
4,7.755511022044088,-0.12021189134039913
4,7.775551102204409,-0.1161072180766806
4,7.7955911823647295,-0.11028916109611706
4,7.8156312625250495,-0.10289130154108875
4,7.83567134268537,-0.0940686004853315
4,7.855711422845691,-0.08399444426041408
4,7.875751503006012,-0.07285747516221924
4,7.895791583166332,-0.060858262430073
4,7.915831663326653,-0.048205869523537594
4,7.935871743486974,-0.03511437395014981
4,7.955911823647294,-0.02179939524032542
4,7.975951903807615,-0.008474685155679403
4,7.995991983967936,0.004651168101126061
4,8.016032064128256,0.01737787297685514
4,8.036072144288577,0.029516360015364326
4,8.056112224448897,0.04089145908372636
4,8.076152304609218,0.05134429268845144
4,8.09619238476954,0.06073435502016653
4,8.11623246492986,0.0689412520341781
4,8.13627254509018,0.07586608378845575
4,8.1563126252505,0.08143245632127942
4,8.176352705410821,0.08558711645959284
4,8.196392785571142,0.08830020900937308
4,8.216432865731463,0.0895651616974089
4,8.236472945891784,0.08939820892087465
4,8.256513026052104,0.08783757073375262
4,8.276553106212425,0.0849423084813333
4,8.296593186372744,0.08079088301750884
4,8.316633266533065,0.07547944544505034
4,8.336673346693386,0.06911989375678636
4,8.356713426853707,0.06183773158591471
4,8.376753507014028,0.053769767467477664
4,8.396793587174349,0.04506169455179839
4,8.41683366733467,0.03586559158666604
4,8.436873747494989,0.026337386201042746
4,8.45691382765531,0.0166343210921003
4,8.47695390781563,0.006912462662277705
4,8.496993987975952,-0.002675709994178201
4,8.517034068136272,-0.011983600054567061
4,8.537074148296593,-0.020872638882783637
4,8.557114228456914,-0.02921425304899029
4,8.577154308617233,-0.03689162614633177
4,8.597194388777554,-0.04380123295991701
4,8.617234468937875,-0.04985412766096386
4,8.637274549098196,-0.05497697200088482
4,8.657314629258517,-0.059112793894232706
4,8.677354709418838,-0.06222147123411282
4,8.697394789579159,-0.06427994020819176
4,8.71743486973948,-0.06528213170935279
4,8.737474949899799,-0.06523864359721013
4,8.75751503006012,-0.06417616050405915
4,8.77755511022044,-0.06213663653545391
4,8.797595190380761,-0.059176259541260746
4,8.817635270541082,-0.05536421858397567
4,8.837675350701403,-0.05078129877048417
4,8.857715430861724,-0.04551832971182552
4,8.877755511022043,-0.03967451551103679
4,8.897795591182364,-0.03335567533775157
4,8.917835671342685,-0.026672424323661754
4,8.937875751503006,-0.019738324706628122
4,8.957915831663327,-0.01266803687217967
4,8.977955911823647,-0.005575499205407056
4,8.997995991983968,0.0014278355032476056
4,9.018036072144287,0.008234680929031311
4,9.038076152304608,0.014743491135731908
4,9.05811623246493,0.02085990560002148
4,9.07815631262525,0.026498045948316017
4,9.098196392785571,0.031581647817975546
4,9.118236472945892,0.036045014245221024
4,9.138276553106213,0.039833780110906186
4,9.158316633266534,0.042905480389951
4,9.178356713426853,0.04522991819838352
4,9.198396793587174,0.04678933186194504
4,9.218436873747494,0.04757836339202023
4,9.238476953907815,0.047603833800544636
4,9.258517034068136,0.046884333570733565
4,9.278557114228457,0.0454496392838926
4,9.298597194388778,0.04333996984724241
4,9.318637274549097,0.04060509794134502
4,9.338677354709418,0.03730333418110039
4,9.358717434869739,0.033500403039498236
4,9.37875751503006,0.029268230801976578
4,9.39879759519038,0.024683666690712022
4,9.418837675350701,0.019827158817413478
4,9.438877755511022,0.01478140679087707
4,9.458917835671341,0.009630012627803764
4,9.478957915831662,0.004456151103531032
4,9.498997995991983,-0.0006587201502606584
4,9.519038076152304,-0.005636091620311554
4,9.539078156312625,-0.010401556176849753
4,9.559118236472946,-0.014885870488448728
4,9.579158316633267,-0.019025909299371938
4,9.599198396793588,-0.02276550031261604
4,9.619238476953907,-0.026056129593533945
4,9.639278557114228,-0.028857509684269655
4,9.659318637274549,-0.031138004960122825
4,9.67935871743487,-0.032874911127141186
4,9.69939879759519,-0.03405458811800283
4,9.719438877755511,-0.03467244795401026
4,9.739478957915832,-0.034732801369782275
4,9.759519038076151,-0.03424856911121521
4,9.779559118236472,-0.03324086578627454
4,9.799599198396793,-0.03173846594499916
4,9.819639278557114,-0.029777163665932797
4,9.839679358717435,-0.027399038310891747
4,9.859719438877756,-0.024651640262250887
4,9.879759519038076,-0.02158711136455159
4,9.899799599198396,-0.018261255447088696
4,9.919839679358716,-0.01473257470227576
4,9.939879759519037,-0.011061287836176397
4,9.959919839679358,-0.007308345796770966
4,9.97995991983968,-0.0035344605303509187
4,10.0,0.0002008383715128198
5,0.0,-10.0
5,0.02004008016032064,-12.882310077519294
5,0.04008016032064128,-15.491512175370355
5,0.06012024048096192,-17.793600436927253
5,0.08016032064128256,-19.76021674126051
5,0.1002004008016032,-21.368953661298825
5,0.12024048096192384,-22.603556842318913
5,0.1402805611222445,-23.454026137639207
5,0.16032064128256512,-23.916616437924404
5,0.18036072144288576,-23.993740675619055
5,0.2004008016032064,-23.693778953913668
5,0.22044088176352705,-23.030799119274473
5,0.24048096192384769,-22.024195348966057
5,0.2605210420841683,-20.698252443497456
5,0.280561122244489,-19.08164448436752
5,0.3006012024048096,-17.20687732838272
5,0.32064128256513025,-15.10968505245837
5,0.3406813627254509,-12.828390931328709
5,0.3607214428857715,-10.403243821986724
5,0.3807615230460922,-7.875740942799417
5,0.4008016032064128,-5.287947974722915
5,0.42084168336673344,-2.6818271821629924
5,0.4408817635270541,-0.09858385959740562
5,0.4609218436873747,2.4219591327659558
5,0.48096192384769537,4.841949663022991
5,0.501002004008016,7.126049177064063
5,0.5210420841683366,9.24192274562968
5,0.5410821643286573,11.160669959643224
5,0.561122244488978,12.857191407332062
5,0.5811623246492986,14.310486604866798
5,0.6012024048096192,15.503880426711394
5,0.6212424849699398,16.42517627331777
5,0.6412825651302605,17.06673540316702
5,0.6613226452905812,17.42548302490887
5,0.6813627254509018,17.502842875720383
5,0.7014028056112224,17.304603087273417
5,0.721442885771543,16.840717145425966
5,0.7414829659318637,16.125044669978976
5,0.7615230460921844,15.175037564280638
5,0.781563126252505,14.01137780064577
5,0.8016032064128256,12.657573707957845
5,0.8216432865731462,11.139522105926915
5,0.8416833667334669,9.485043981853888
5,0.8617234468937875,7.723401628057474
5,0.8817635270541082,5.884805251088786
5,0.9018036072144289,3.999917029252489
5,0.9218436873747494,2.0993604364867267
5,0.9418837675350701,0.21324237388402514
5,0.9619238476953907,-1.6293047376668168
5,0.9819639278557114,-3.400554240249697
5,1.002004008016032,-5.074583815647933
5,1.0220440881763526,-6.627635937207663
5,1.0420841683366733,-8.038435508898967
5,1.062124248496994,-9.28846078964272
5,1.0821643286573146,-10.362164528442205
5,1.1022044088176353,-11.247143090824052
5,1.122244488977956,-11.934252225500591
5,1.1422845691382766,-12.417668988103381
5,1.1623246492985972,-12.694900192745004
5,1.1823647294589177,-12.766738589040873
5,1.2024048096192383,-12.63716874980838
5,1.222444889779559,-12.313225391618413
5,1.2424849699398797,-11.804807526441301
5,1.2625250501002003,-11.124452448747691
5,1.282565130260521,-10.287074090857985
5,1.3026052104208417,-9.30967072375004
5,1.3226452905811623,-8.21100733607532
5,1.342685370741483,-7.011278287448553
5,1.3627254509018036,-5.731756001342716
5,1.3827655310621243,-4.39443153783037
5,1.4028056112224447,-3.02165286814139
5,1.4228456913827654,-1.635766564156433
5,1.442885771543086,-0.25876842048235843
5,1.4629258517034067,1.0880317501316166
5,1.4829659318637274,2.3843262592243266
5,1.503006012024048,3.6111021537222623
5,1.5230460921843687,4.7509063056110294
5,1.5430861723446894,5.7880795196375185
5,1.56312625250501,6.70895676899613
5,1.5831663326653307,7.502031270450488
5,1.6032064128256511,8.15808073266364
5,1.6232464929859718,8.670254744409988
5,1.6432865731462925,9.034122902658885
5,1.6633266533066131,9.247683904342257
5,1.6833667334669338,9.311336430427506
5,1.7034068136272544,9.227813227728612
5,1.723446893787575,9.00208033438021
5,1.7434869739478958,8.641203891523244
5,1.7635270541082164,8.154187429832456
5,1.783567134268537,7.5517829093370725
5,1.8036072144288577,6.846279119851193
5,1.8236472945891782,6.051271313612241
5,1.8436873747494988,5.181416138899069
5,1.8637274549098195,4.25217607205188
5,1.8837675350701402,3.2795576051347437
5,1.9038076152304608,2.279847438247975
5,1.9238476953907815,1.2693508510290568
5,1.9438877755511021,0.26413628999219707
5,1.9639278557114228,-0.7202099892208382
5,1.9839679358717435,-1.6688156382983776
5,2.004008016032064,-2.567737007528735
5,2.024048096192385,-3.404154074296585
5,2.0440881763527052,-4.166542954848903
5,2.064128256513026,-4.844823859397574
5,2.0841683366733466,-5.430482787812142
5,2.1042084168336674,-5.916665716096064
5,2.124248496993988,-6.298244485056472
5,2.1442885771543083,-6.57185406465581
5,2.164328657314629,-6.735901323225283
5,2.1843687374749496,-6.790545873059962
5,2.2044088176352705,-6.737653986318182
5,2.224448897795591,-6.580726971505204
5,2.244488977955912,-6.324805765582938
5,2.2645290581162323,-5.976353824996428
5,2.284569138276553,-5.543120686418691
5,2.3046092184368736,-5.033988811307111
5,2.3246492985971945,-4.458806524730535
5,2.344689378757515,-3.8282100064656843
5,2.3647294589178354,-3.1534373899789196
5,2.3847695390781563,-2.4461380723225314
5,2.4048096192384767,-1.7181803356888525
5,2.4248496993987976,-0.9814603306530931
5,2.444889779559118,-0.24771537399458185
5,2.464929859719439,0.4716556269120055
5,2.4849699398797593,1.1657619925052276
5,2.50501002004008,1.8243789196003213
5,2.5250501002004007,2.4380907977497803
5,2.5450901803607215,2.9984183089183496
5,2.565130260521042,3.49792772641901
5,2.5851703406813624,3.9303211467841064
5,2.6052104208416833,4.2905067178712235
5,2.6252505010020037,4.574648262578586
5,2.6452905811623246,4.7801940346533796
5,2.665330661322645,4.90588467592163
5,2.685370741482966,4.9517407677526
5,2.7054108216432864,4.919030678867998
5,2.7254509018036073,4.810219702233565
5,2.7454909819639277,4.628901741647947
5,2.7655310621242486,4.379715050148243
5,2.785571142284569,4.068243734362984
5,2.8056112224448895,3.7009069188797965
5,2.8256513026052104,3.284837610541235
5,2.845691382765531,2.827753412904915
5,2.8657314629258517,2.337821315062104
5,2.885771543086172,1.8235188163501228
5,2.905811623246493,1.2934936495444322
5,2.9258517034068134,0.7564243307637214
5,2.9458917835671343,0.22088369598078308
5,2.9659318637274548,-0.3047925163796674
5,2.9859719438877756,-0.8126301073932313
5,3.006012024048096,-1.29513211182405
5,3.0260521042084165,-1.745384153091132
5,3.0460921843687374,-2.157148068796673
5,3.066132264529058,-2.524942634575979
5,3.0861723446893787,-2.844110444911979
5,3.106212424849699,-3.1108702494184355
5,3.12625250501002,-3.3223542879607866
5,3.1462925851703405,-3.476630413898376
5,3.1663326653306614,-3.5727090378265145
5,3.186372745490982,-3.6105351607391882
5,3.2064128256513023,-3.590965991988675
5,3.226452905811623,-3.515734860496063
5,3.2464929859719436,-3.387402324368285
5,3.2665330661322645,-3.2092955617338847
5,3.286573146292585,-2.98543728191752
5,3.306613226452906,-2.7204655291185724
5,3.3266533066132262,-2.419545859041095
5,3.346693386773547,-2.0882774513623925
5,3.3667334669338675,-1.7325947768806431
5,3.3867735470941884,-1.3586664674306868
5,3.406813627254509,-0.9727930394093095
5,3.4268537074148293,-0.581305098621902
5,3.44689378757515,-0.19046360615777277
5,3.4669338677354706,0.19363628651057777
5,3.4869739478957915,0.5651564183241641
5,3.507014028056112,0.9186005135681473
5,3.527054108216433,1.2488916198339057
5,3.5470941883767533,1.5514410636311826
5,3.567134268537074,1.8222080563998535
5,3.5871743486973946,2.0577492514290174
5,3.6072144288577155,2.255257726715172
5,3.627254509018036,2.41259104718301
5,3.6472945891783564,2.52828823906761
5,3.6673346693386772,2.601575686784698
5,3.6873747494989977,2.632362135568112
5,3.7074148296593186,2.621223148938479
5,3.727454909819639,2.5693755262715237
5,3.74749498997996,2.4786423301537432
5,3.7675350701402803,2.351409303882438
5,3.787575150300601,2.1905735746849286
5,3.8076152304609217,1.9994856365812737
5,3.8276553106212425,1.781885687177097
5,3.847695390781563,1.5418354542396124
5,3.8677354709418834,1.2836466901847499
5,3.8877755511022043,1.0118075354057097
5,3.9078156312625247,0.7309079548307222
5,3.9278557114228456,0.4455654366371864
5,3.947895791583166,0.1603521083835098
5,3.967935871743487,-0.12027562507295401
5,3.9879759519038074,-0.3920438843982597
5,4.008016032064128,-0.6509236033245671
5,4.028056112224449,-0.8931874392691368
5,4.04809619238477,-1.1154605508877906
5,4.06813627254509,-1.3147646011221064
5,4.0881763527054105,-1.488554466178324
5,4.108216432865731,-1.6347472578469866
5,4.128256513026052,-1.7517433965252418
5,4.148296593186372,-1.8384396031305925
5,4.168336673346693,-1.8942338077299101
5,4.188376753507014,-1.9190220991524196
5,4.208416833667335,-1.9131879612128657
5,4.228456913827655,-1.8775841556696797
5,4.248496993987976,-1.8135077180634833
5,4.268537074148297,-1.7226686286763557
5,4.288577154308617,-1.6071528057664328
5,4.3086172344689375,-1.4693801409158151
5,4.328657314629258,-1.3120583559504453
5,4.348697394789579,-1.138133506840447
5,4.368737474949899,-0.9507379918910348
5,4.38877755511022,-0.7531369392367085
5,4.408817635270541,-0.5486738522327751
5,4.428857715430862,-0.34071638109191804
5,4.448897795591182,-0.1326030655453791
5,4.468937875751503,0.0724081428836922
5,4.488977955911824,0.2711888183413105
5,4.509018036072144,0.4607857558214792
5,4.529058116232465,0.6384627902005066
5,4.5490981963927855,0.8017381816356138
5,4.569138276553106,0.9484170930255543
5,4.589178356713426,1.0766187737669224
5,4.609218436873747,1.1847981564061896
5,4.629258517034068,1.2717616674442531
5,4.649298597194389,1.336677148960941
5,4.669338677354709,1.3790778823800511
5,4.68937875751503,1.3988607981309766
5,4.709418837675351,1.396279043789663
5,4.729458917835671,1.371929167201123
5,4.749498997995992,1.3267332489073431
5,4.7695390781563125,1.2619163888633325
5,4.789579158316633,1.178980014993386
5,4.809619238476953,1.0796715348422514
5,4.829659318637274,0.9659508957926407
5,4.849699398797595,0.8399546535959698
5,4.869739478957916,0.7039581730083959
5,4.889779559118236,0.5603365980180052
5,4.909819639278557,0.41152523253425716
5,4.929859719438878,0.25997996569142734
5,4.949899799599198,0.10813835944938927
5,4.969939879759519,-0.041618009541298455
5,4.98997995991984,-0.18699939617636127
5,5.01002004008016,-0.3258414058018747
5,5.03006012024048,-0.45613571955881127
5,5.050100200400801,-0.5760576152163142
5,5.070140280561122,-0.6839899328676805
5,5.090180360721443,-0.7785431991711572
5,5.110220440881763,-0.8585716910031295
5,5.130260521042084,-0.9231852883325512
5,5.150300601202405,-0.9717570357006101
5,5.170340681362725,-1.0039264007949371
5,5.190380761523046,-1.0195982861745645
5,5.210420841683367,-1.0189379152117777
5,5.2304609218436875,-1.0023617748173983
5,5.2505010020040075,-0.9705248546322288
5,5.270541082164328,-0.9243044743155583
5,5.290581162324649,-0.8647810366579658
5,5.31062124248497,-0.7932160839148505
5,5.33066132264529,-0.711028067538825
5,5.350701402805611,-0.6197662670420091
5,5.370741482965932,-0.5210833118236095
5,5.390781563126252,-0.41670677035592435
5,5.410821643286573,-0.3084102741560181
5,5.430861723446894,-0.19798463962020313
5,5.4509018036072145,-0.08720943931559305
5,5.4709418837675345,0.022174543935129958
5,5.490981963927855,0.1284915714194984
5,5.511022044088176,0.23015553295555327
5,5.531062124248497,0.32569251849187525
5,5.551102204408817,0.4137610740123624
5,5.571142284569138,0.49316988261102945
5,5.591182364729459,0.5628926583067033
5,5.611222444889779,0.6220800890322904
5,5.6312625250501,0.6700687154401201
5,5.651302605210421,0.706386682895805
5,5.671342685370742,0.7307563544816762
5,5.691382765531062,0.7430938222150586
5,5.7114228456913825,0.7435054012613346
5,5.731462925851703,0.7322812369873554
5,5.751503006012024,0.7098861966156399
5,5.771543086172344,0.6769482554264681
5,5.791583166332665,0.6342446214093438
5,5.811623246492986,0.5826858715616038
5,5.831663326653306,0.523298397327866
5,5.851703406813627,0.4572054757141904
5,5.871743486973948,0.38560729622813866
5,5.891783567134269,0.3097602819121676
5,5.911823647294589,0.23095604536333347
5,5.9318637274549095,0.1505003178618927
5,5.95190380761523,0.06969218174343825
5,5.971943887775551,-0.010196076802558976
5,5.991983967935871,-0.08793819491370755
5,6.012024048096192,-0.16237196245719046
5,6.032064128256513,-0.23241580153174107
5,6.052104208416833,-0.29708367288788917
5,6.072144288577154,-0.355498117795791
5,6.092184368737475,-0.40690127780589525
5,6.112224448897796,-0.45066377038372946
5,6.132264529058116,-0.48629133496023724
5,6.152304609218437,-0.5134292009262654
5,6.1723446893787575,-0.5318641659250849
5,6.192384769539078,-0.5415244088884491
5,6.212424849699398,-0.5424770970734372
5,6.232464929859719,-0.534923879376885
5,6.25250501002004,-0.5191943889597317
5,6.27254509018036,-0.49573790628053377
5,6.292585170340681,-0.4651133586437613
5,6.312625250501002,-0.42797785399935667
5,6.332665330661323,-0.3850739647311473
5,6.352705410821643,-0.3372159913518922
5,6.372745490981964,-0.2852754462552193
5,6.3927855711422845,-0.23016600389780997
5,6.4128256513026045,-0.1728281660010606
5,6.432865731462925,-0.11421388863541176
5,6.452905811623246,-0.055271412507410314
5,6.472945891783567,0.003069471409156816
5,6.492985971943887,0.05991150133664684
5,6.513026052104208,0.11440316539061189
5,6.533066132264529,0.16575087814694145
5,6.55310621242485,0.2132299486515449
5,6.57314629258517,0.2561941984310755
5,6.593186372745491,0.2940841126894361
5,6.613226452905812,0.32643343371498357
5,6.633266533066132,0.3528741321435936
5,6.6533066132264524,0.373139718687043
5,6.673346693386773,0.3870668858146681
5,6.693386773547094,0.3945954952506881
5,6.713426853707414,0.3957669526199956
5,6.733466933867735,0.3907210347660596
5,6.753507014028056,0.379691257829196
5,6.773547094188377,0.3629988947996281
5,6.793587174348697,0.3410457696730915
5,6.813627254509018,0.3143059713043654
5,6.833667334669339,0.28331664338724266
5,6.853707414829659,0.24866801754499213
5,6.8737474949899795,0.2109928641975214
5,6.8937875751503,0.17095554063140922
5,6.913827655310621,0.12924081753505853
5,6.933867735470941,0.08654266421738784
5,6.953907815631262,0.043553168892740274
5,6.973947895791583,0.0009517639164016133
5,6.993987975951904,-0.040605083137981134
5,7.014028056112224,-0.08049356295279554
5,7.034068136272545,-0.11813146623015765
5,7.054108216432866,-0.15298625262479476
5,7.074148296593186,-0.18458214238584372
5,7.0941883767535066,-0.2125061441259734
5,7.114228456913827,-0.23641295092427597
5,7.134268537074148,-0.256028656350113
5,7.154308617234468,-0.271153261650843
5,7.174348697394789,-0.28166196496299667
5,7.19438877755511,-0.287505242678123
5,7.214428857715431,-0.2887077517285729
5,7.234468937875751,-0.28536609927928974
5,7.254509018036072,-0.27764554286497733
5,7.274549098196393,-0.2657756991679424
5,7.294589178356713,-0.25004535318827054
5,7.314629258517034,-0.23079647134258238
5,7.3346693386773545,-0.20841753190025758
5,7.354709418837675,-0.18333629401983212
5,7.374749498997995,-0.15601213241074238
5,7.394789579158316,-0.12692806827854147
5,7.414829659318637,-0.0965826287113898
5,7.434869739478958,-0.06548166606148732
5,7.454909819639278,-0.03413026622911919
5,7.474949899799599,-0.003024870161126388
5,7.49498997995992,0.02735427354970116
5,7.51503006012024,0.05655021518661496
5,7.535070140280561,0.08413586939820718
5,7.5551102204408815,0.10971995045126294
5,7.575150300601202,0.13295220011625808
5,7.595190380761522,0.1535278440331338
5,7.615230460921843,0.17119122606394302
5,7.635270541082164,0.1857385842476959
5,7.655310621242485,0.19701994629958833
5,7.675350701402805,0.20494013691215981
5,7.695390781563126,0.2094589031964643
5,7.715430861723447,0.2105901782324988
5,7.735470941883767,0.20840051567815304
5,7.755511022044088,0.2030067405279092
5,7.775551102204409,0.19457287224751926
5,7.7955911823647295,0.18330638648979283
5,7.8156312625250495,0.16945389029220154
5,7.83567134268537,0.15329629296515573
5,7.855711422845691,0.13514356072082928
5,7.875751503006012,0.11532914741135328
5,7.895791583166332,0.09420419651253882
5,7.915831663326653,0.07213161070014554
5,7.935871743486974,0.049480085040088266
5,7.955911823647294,0.026618197994924868
5,7.975951903807615,0.003908651202302282
5,7.995991983967936,-0.018297255607116963
5,8.016032064128256,-0.039664834009263926
5,8.036072144288577,-0.05988082699982073
5,8.056112224448897,-0.07865777413428499
5,8.076152304609218,-0.09573786475587291
5,8.09619238476954,-0.11089623179242693
5,8.11623246492986,-0.12394364853259117
5,8.13627254509018,-0.13472860106134066
5,8.1563126252505,-0.14313871947662862
5,8.176352705410821,-0.14910156145477418
5,8.196392785571142,-0.15258475201894123
5,8.216432865731463,-0.15359549333562553
5,8.236472945891784,-0.15217946787057615
5,8.256513026052104,-0.14841916714082395
5,8.276553106212425,-0.1424316864792358
5,8.296593186372744,-0.13436603357237703
5,8.316633266533065,-0.1244000049473939
5,8.336673346693386,-0.11273668999194728
5,8.356713426853707,-0.09960066643335218
5,8.376753507014028,-0.08523395443770869
5,8.396793587174349,-0.06989179859383812
5,8.41683366733467,-0.05383834801552386
5,8.436873747494989,-0.037342304641968735
5,8.45691382765531,-0.020672608570855008
5,8.47695390781563,-0.004094226967518244
5,8.496993987975952,0.012135890180632923
5,8.517034068136272,0.027772628377509965
5,8.537074148296593,0.042586246914760525
5,8.557114228456914,0.056365588789763055
5,8.577154308617233,0.06892092022100914
5,8.597194388777554,0.0800863645734147
5,8.617234468937875,0.08972190272297605
5,8.637274549098196,0.0977149193650138
5,8.657314629258517,0.10398128237956424
5,8.677354709418838,0.10846594998912173
5,8.697394789579159,0.11114310795834534
5,8.71743486973948,0.11201584637768229
5,8.737474949899799,0.11111539253467925
5,8.75751503006012,0.1084999229073654
5,8.77755511022044,0.10425298332214249
5,8.797595190380761,0.09848155172313589
5,8.817635270541082,0.09131378273147076
5,8.837675350701403,0.08289647717417167
5,8.857715430861724,0.07339232298897072
5,8.877755511022043,0.06297695633201826
5,8.897795591182364,0.05183589331255281
5,8.917835671342685,0.04016138354751442
5,8.937875751503006,0.028149236678374184
5,8.957915831663327,0.015995672143419085
5,8.977955911823647,0.0038942408843567937
5,8.997995991983968,-0.00796713466923379
5,9.018036072144287,-0.0194089589959896
5,9.038076152304608,-0.030262760522703408
5,9.05811623246493,-0.04037345170805981
5,9.07815631262525,-0.049601421160505074
5,9.098196392785571,-0.057824331741670905
5,9.118236472945892,-0.06493860385182793
5,9.138276553106213,-0.07086056853369387
5,9.158316633266534,-0.07552728057575445
5,9.178356713426853,-0.07889698735670475
5,9.198396793587174,-0.08094925466138332
5,9.218436873747494,-0.08168475603158216
5,9.238476953907815,-0.08112473731290591
5,9.258517034068136,-0.079310172847497
5,9.278557114228457,-0.07630063417482068
5,9.298597194388778,-0.07217289607912859
5,9.318637274549097,-0.06701930831138754
5,9.338677354709418,-0.0609459642729128
5,9.358717434869739,-0.054070700344609444
5,9.37875751503006,-0.04652096135606864
5,9.39879759519038,-0.03843156889914016
5,9.418837675350701,-0.029942429796926833
5,9.438877755511022,-0.021196222047009064
5,9.458917835671341,-0.01233609498186324
5,9.478957915831662,-0.003503419253368744
5,9.498997995991983,0.005164379416226746
5,9.519038076152304,0.013535870928411332
5,9.539078156312625,0.021487526756468787
5,9.559118236472946,0.028905454945578692
5,9.579158316633267,0.03568694128760997
5,9.599198396793588,0.04174177739285414
5,9.619238476953907,0.046993360192454904
5,9.639278557114228,0.05137955136383772
5,9.659318637274549,0.054853289211491976
5,9.67935871743487,0.05738294959179593
5,9.69939879759519,0.058952456479367595
5,9.719438877755511,0.05956114667220407
5,9.739478957915832,0.059223396865323436
5,9.759519038076151,0.05796802483359361
5,9.779559118236472,0.0558374797044993
5,9.799599198396793,0.05288683922685787
5,9.819639278557114,0.049182634514015944
5,9.839679358717435,0.04480152492841411
5,9.859719438877756,0.039828847553907615
5,9.879759519038076,0.034357067055243606
5,9.899799599198396,0.028484152640046157
5,9.919839679358716,0.022311909314118937
5,9.939879759519037,0.01594429065935856
5,9.959919839679358,0.009485719975309226
5,9.97995991983968,0.0030394458271356863
5,10.0,-0.0032940431428511684
